order_id,product_id,quantity,unit_price,discount_pct,revenue
ORD-000335,P0036,1,50.53,0.0,50.53
ORD-000335,P0096,3,66.4,0.0,199.2
ORD-000335,P0047,1,51.56,0.05,48.98
ORD-000335,P0119,1,21.53,0.0,21.53
ORD-000551,P0082,1,37.02,0.0,37.02
ORD-000551,P0103,1,34.67,0.05,32.94
ORD-000551,P0057,1,33.73,0.15,28.67
ORD-000191,P0046,5,38.23,0.0,191.15
ORD-000982,P0093,3,48.65,0.0,145.95
ORD-000242,P0024,2,12.67,0.0,25.34
ORD-000242,P0107,2,12.53,0.2,20.05
ORD-000242,P0022,1,53.7,0.0,53.7
ORD-000434,P0032,2,22.81,0.0,45.62
ORD-000434,P0099,2,43.01,0.0,86.02
ORD-000434,P0064,2,54.4,0.1,97.92
ORD-000880,P0011,1,14.87,0.0,14.87
ORD-000505,P0035,2,8.08,0.0,16.16
ORD-000505,P0077,2,25.33,0.15,43.06
ORD-000223,P0117,1,16.23,0.05,15.42
ORD-000223,P0103,1,34.09,0.0,34.09
ORD-000223,P0073,4,39.75,0.0,159.0
ORD-000223,P0017,1,26.34,0.1,23.71
ORD-000621,P0110,1,36.51,0.0,36.51
ORD-000730,P0084,1,23.84,0.0,23.84
ORD-000730,P0020,2,75.93,0.05,144.27
ORD-000321,P0086,1,23.45,0.0,23.45
ORD-000395,P0050,1,45.1,0.0,45.1
ORD-000854,P0104,2,24.53,0.0,49.06
ORD-000854,P0048,1,68.87,0.0,68.87
ORD-000212,P0088,2,61.52,0.0,123.04
ORD-000748,P0011,1,14.14,0.1,12.73
ORD-000748,P0038,1,13.35,0.05,12.68
ORD-000104,P0032,1,21.76,0.0,21.76
ORD-000821,P0006,1,19.19,0.0,19.19
ORD-000158,P0093,2,49.58,0.05,94.2
ORD-000158,P0073,2,38.58,0.05,73.3
ORD-000355,P0101,3,33.61,0.0,100.83
ORD-000355,P0024,2,12.17,0.05,23.12
ORD-000527,P0058,2,45.44,0.15,77.25
ORD-000527,P0080,2,74.21,0.0,148.42
ORD-000063,P0034,1,45.11,0.0,45.11
ORD-000063,P0112,1,44.85,0.0,44.85
ORD-000063,P0087,1,47.3,0.05,44.93
ORD-000063,P0014,2,9.74,0.1,17.53
ORD-000363,P0089,4,26.54,0.1,95.54
ORD-000363,P0087,1,45.35,0.0,45.35
ORD-000441,P0090,1,69.01,0.0,69.01
ORD-000441,P0025,1,37.06,0.1,33.35
ORD-000441,P0110,1,35.62,0.1,32.06
ORD-000012,P0055,1,36.12,0.0,36.12
ORD-000334,P0063,1,13.62,0.0,13.62
ORD-000334,P0061,1,52.21,0.0,52.21
ORD-000802,P0014,2,10.07,0.2,16.11
ORD-000879,P0095,2,67.62,0.0,135.24
ORD-000879,P0075,1,13.53,0.05,12.85
ORD-000879,P0077,4,26.25,0.1,94.5
ORD-000094,P0008,1,56.88,0.0,56.88
ORD-000933,P0115,2,22.08,0.0,44.16
ORD-000361,P0083,1,74.18,0.0,74.18
ORD-000361,P0045,2,11.04,0.0,22.08
ORD-000981,P0076,2,16.93,0.1,30.47
ORD-000981,P0117,2,16.8,0.1,30.24
ORD-000137,P0050,3,45.49,0.05,129.65
ORD-000137,P0054,2,33.01,0.1,59.42
ORD-000323,P0037,2,62.63,0.0,125.26
ORD-000323,P0089,1,26.39,0.0,26.39
ORD-000737,P0064,1,51.28,0.0,51.28
ORD-000229,P0113,1,28.32,0.0,28.32
ORD-000487,P0065,1,48.63,0.05,46.2
ORD-000487,P0005,1,14.59,0.0,14.59
ORD-000487,P0104,1,24.37,0.0,24.37
ORD-000586,P0035,3,8.43,0.05,24.03
ORD-000586,P0115,1,20.64,0.15,17.54
ORD-000586,P0020,2,79.95,0.05,151.9
ORD-000739,P0101,3,33.6,0.0,100.8
ORD-000739,P0079,2,11.81,0.15,20.08
ORD-000739,P0110,1,36.23,0.0,36.23
ORD-000739,P0014,1,10.08,0.0,10.08
ORD-000390,P0043,1,28.12,0.0,28.12
ORD-000390,P0105,1,36.84,0.0,36.84
ORD-000978,P0044,1,18.35,0.05,17.43
ORD-000978,P0037,1,62.44,0.0,62.44
ORD-000978,P0065,2,49.02,0.1,88.24
ORD-000003,P0055,1,36.84,0.0,36.84
ORD-000785,P0102,4,39.24,0.1,141.26
ORD-000785,P0088,2,59.55,0.0,119.1
ORD-000785,P0047,1,52.56,0.1,47.3
ORD-000076,P0051,2,51.39,0.05,97.64
ORD-000315,P0008,2,58.96,0.2,94.34
ORD-000315,P0081,1,29.71,0.05,28.22
ORD-000315,P0092,3,46.29,0.0,138.87
ORD-000635,P0106,1,39.48,0.15,33.56
ORD-000704,P0058,1,46.18,0.1,41.56
ORD-000704,P0083,2,75.74,0.1,136.33
ORD-000583,P0052,3,55.87,0.0,167.61
ORD-000583,P0100,1,53.0,0.1,47.7
ORD-000583,P0026,1,16.25,0.0,16.25
ORD-000894,P0040,1,70.12,0.0,70.12
ORD-000894,P0067,3,27.48,0.0,82.44
ORD-000087,P0039,5,31.45,0.0,157.25
ORD-000087,P0093,1,50.67,0.0,50.67
ORD-000087,P0055,1,37.56,0.0,37.56
ORD-000337,P0095,1,64.18,0.0,64.18
ORD-000386,P0075,2,13.99,0.05,26.58
ORD-000386,P0073,3,39.28,0.0,117.84
ORD-000552,P0105,1,35.02,0.0,35.02
ORD-000552,P0092,2,44.04,0.0,88.08
ORD-000673,P0100,1,50.41,0.05,47.89
ORD-000852,P0011,1,14.2,0.0,14.2
ORD-000852,P0012,1,34.82,0.0,34.82
ORD-000852,P0008,1,58.52,0.1,52.67
ORD-000451,P0082,5,38.67,0.15,164.35
ORD-000451,P0055,2,36.86,0.0,73.72
ORD-000222,P0063,1,14.19,0.0,14.19
ORD-000222,P0092,1,46.19,0.0,46.19
ORD-000013,P0021,4,22.26,0.15,75.68
ORD-000400,P0053,1,35.98,0.0,35.98
ORD-000400,P0015,1,44.88,0.2,35.9
ORD-000751,P0063,1,13.29,0.1,11.96
ORD-000036,P0120,3,47.42,0.0,142.26
ORD-000713,P0063,1,13.21,0.0,13.21
ORD-000713,P0001,1,15.9,0.0,15.9
ORD-000713,P0016,1,28.19,0.1,25.37
ORD-000508,P0017,1,25.32,0.0,25.32
ORD-000508,P0098,1,23.97,0.0,23.97
ORD-000508,P0018,2,54.54,0.0,109.08
ORD-000664,P0051,1,48.9,0.05,46.46
ORD-000706,P0036,2,50.38,0.05,95.72
ORD-000783,P0102,2,39.61,0.0,79.22
ORD-000783,P0099,1,41.36,0.05,39.29
ORD-000839,P0007,1,17.89,0.0,17.89
ORD-000839,P0073,1,40.64,0.0,40.64
ORD-000131,P0036,3,50.28,0.0,150.84
ORD-000131,P0101,1,34.97,0.0,34.97
ORD-000131,P0027,2,35.55,0.15,60.43
ORD-000131,P0032,1,21.55,0.0,21.55
ORD-000359,P0049,1,42.29,0.0,42.29
ORD-000359,P0033,1,34.85,0.1,31.36
ORD-000718,P0053,2,34.51,0.15,58.67
ORD-000860,P0092,1,45.08,0.0,45.08
ORD-000884,P0042,1,29.47,0.1,26.52
ORD-000208,P0031,2,25.1,0.0,50.2
ORD-000192,P0050,1,44.22,0.0,44.22
ORD-000192,P0015,1,43.64,0.05,41.46
ORD-000595,P0003,4,25.65,0.0,102.6
ORD-000595,P0035,1,8.38,0.0,8.38
ORD-000595,P0071,1,27.06,0.05,25.71
ORD-000339,P0019,1,97.29,0.1,87.56
ORD-000685,P0055,1,35.75,0.1,32.18
ORD-000685,P0117,4,17.0,0.05,64.6
ORD-000270,P0008,4,57.16,0.05,217.21
ORD-000564,P0049,2,41.01,0.0,82.02
ORD-000564,P0045,1,11.28,0.0,11.28
ORD-000564,P0108,1,34.71,0.0,34.71
ORD-000820,P0072,5,64.53,0.0,322.65
ORD-000867,P0103,3,36.61,0.05,104.34
ORD-000867,P0041,5,22.1,0.0,110.5
ORD-000045,P0042,1,29.51,0.0,29.51
ORD-000045,P0044,3,18.15,0.15,46.28
ORD-000952,P0001,1,15.73,0.0,15.73
ORD-000952,P0116,2,40.74,0.0,81.48
ORD-000570,P0113,2,26.98,0.0,53.96
ORD-000507,P0086,1,24.59,0.0,24.59
ORD-000507,P0057,2,32.15,0.1,57.87
ORD-000507,P0087,2,48.52,0.0,97.04
ORD-000601,P0025,1,35.27,0.0,35.27
ORD-000148,P0118,2,54.26,0.1,97.67
ORD-000511,P0104,1,25.61,0.15,21.77
ORD-000511,P0092,1,45.45,0.05,43.18
ORD-000807,P0001,5,16.33,0.0,81.65
ORD-000807,P0026,1,16.2,0.0,16.2
ORD-000349,P0095,1,65.97,0.0,65.97
ORD-000329,P0017,2,24.64,0.15,41.89
ORD-000537,P0113,2,27.23,0.05,51.74
ORD-000537,P0067,5,27.81,0.0,139.05
ORD-000537,P0094,1,46.31,0.0,46.31
ORD-000868,P0083,3,73.5,0.1,198.45
ORD-000868,P0087,1,45.3,0.0,45.3
ORD-000868,P0084,1,23.89,0.0,23.89
ORD-000868,P0007,2,16.9,0.15,28.73
ORD-000902,P0041,1,21.45,0.1,19.3
ORD-000902,P0001,2,16.78,0.0,33.56
ORD-000908,P0010,1,54.62,0.0,54.62
ORD-000908,P0118,2,53.84,0.0,107.68
ORD-000582,P0076,4,16.83,0.0,67.32
ORD-000582,P0103,1,36.65,0.1,32.98
ORD-000582,P0081,3,28.87,0.0,86.61
ORD-000645,P0077,2,25.97,0.05,49.34
ORD-000696,P0011,3,14.49,0.1,39.12
ORD-000696,P0008,2,58.53,0.0,117.06
ORD-000056,P0008,2,55.25,0.05,104.98
ORD-000056,P0039,1,31.93,0.0,31.93
ORD-000056,P0079,1,11.7,0.0,11.7
ORD-000300,P0085,1,12.89,0.1,11.6
ORD-000300,P0080,3,76.69,0.0,230.07
ORD-000317,P0101,1,34.02,0.0,34.02
ORD-000317,P0004,2,24.32,0.1,43.78
ORD-000317,P0059,1,13.87,0.05,13.18
ORD-000317,P0067,1,27.22,0.05,25.86
ORD-000667,P0032,1,21.31,0.0,21.31
ORD-000964,P0066,2,12.55,0.1,22.59
ORD-000964,P0084,2,23.19,0.0,46.38
ORD-000081,P0048,5,69.85,0.05,331.79
ORD-000240,P0031,1,25.6,0.1,23.04
ORD-000245,P0026,5,16.38,0.0,81.9
ORD-000338,P0025,2,36.63,0.2,58.61
ORD-000674,P0043,1,28.37,0.05,26.95
ORD-000674,P0110,1,35.84,0.0,35.84
ORD-000994,P0006,3,19.38,0.05,55.23
ORD-000994,P0064,1,51.3,0.0,51.3
ORD-000994,P0029,2,64.88,0.1,116.78
ORD-000123,P0052,1,60.05,0.0,60.05
ORD-000394,P0004,1,24.47,0.0,24.47
ORD-000172,P0117,1,17.48,0.0,17.48
ORD-000172,P0098,1,22.77,0.0,22.77
ORD-000682,P0109,1,37.85,0.0,37.85
ORD-000004,P0117,3,16.35,0.05,46.6
ORD-000004,P0013,3,46.68,0.0,140.04
ORD-000004,P0003,1,25.04,0.0,25.04
ORD-000189,P0068,5,32.0,0.1,144.0
ORD-000385,P0009,3,36.38,0.0,109.14
ORD-000385,P0016,1,28.91,0.0,28.91
ORD-000385,P0019,1,94.67,0.15,80.47
ORD-000410,P0076,3,16.11,0.0,48.33
ORD-000410,P0025,1,36.44,0.0,36.44
ORD-000855,P0066,4,13.13,0.0,52.52
ORD-000244,P0061,2,51.34,0.0,102.68
ORD-000292,P0113,2,27.94,0.0,55.88
ORD-000741,P0042,1,28.9,0.05,27.46
ORD-000741,P0092,1,44.64,0.0,44.64
ORD-000231,P0075,1,13.95,0.0,13.95
ORD-000231,P0084,1,23.32,0.0,23.32
ORD-000231,P0005,1,14.51,0.1,13.06
ORD-000934,P0011,1,14.14,0.0,14.14
ORD-000029,P0075,1,13.53,0.0,13.53
ORD-000237,P0056,1,69.13,0.0,69.13
ORD-000297,P0023,1,26.48,0.0,26.48
ORD-000843,P0038,1,13.0,0.1,11.7
ORD-000843,P0108,4,33.88,0.0,135.52
ORD-000843,P0065,1,47.73,0.0,47.73
ORD-000397,P0039,2,33.16,0.1,59.69
ORD-000075,P0078,5,7.89,0.05,37.48
ORD-000304,P0117,1,16.57,0.1,14.91
ORD-000304,P0034,2,46.56,0.0,93.12
ORD-000605,P0084,1,23.88,0.1,21.49
ORD-000605,P0002,1,9.3,0.0,9.3
ORD-000506,P0061,1,52.03,0.05,49.43
ORD-000506,P0030,2,51.56,0.1,92.81
ORD-000557,P0025,1,37.35,0.0,37.35
ORD-000759,P0110,1,36.47,0.0,36.47
ORD-000826,P0095,1,66.63,0.1,59.97
ORD-000920,P0054,1,32.89,0.1,29.6
ORD-000374,P0039,2,32.64,0.0,65.28
ORD-000374,P0042,1,29.55,0.2,23.64
ORD-000939,P0103,3,35.56,0.0,106.68
ORD-000939,P0078,1,7.86,0.0,7.86
ORD-000177,P0061,1,51.15,0.0,51.15
ORD-000912,P0012,2,33.44,0.1,60.19
ORD-000912,P0022,2,50.59,0.0,101.18
ORD-000912,P0014,3,9.81,0.0,29.43
ORD-000921,P0068,1,29.68,0.0,29.68
ORD-000966,P0111,3,26.68,0.2,64.03
ORD-000042,P0054,1,31.13,0.15,26.46
ORD-000271,P0017,1,26.05,0.05,24.75
ORD-000271,P0112,1,44.57,0.0,44.57
ORD-000271,P0027,1,36.19,0.0,36.19
ORD-000502,P0019,1,96.08,0.05,91.28
ORD-000576,P0043,3,28.19,0.0,84.57
ORD-000883,P0095,1,67.0,0.0,67.0
ORD-000883,P0012,2,34.91,0.0,69.82
ORD-000274,P0104,1,24.17,0.1,21.75
ORD-000274,P0109,2,38.72,0.15,65.82
ORD-000426,P0073,1,40.77,0.0,40.77
ORD-000556,P0021,2,22.13,0.15,37.62
ORD-000556,P0036,2,49.82,0.0,99.64
ORD-000556,P0113,1,29.02,0.0,29.02
ORD-000714,P0010,2,55.35,0.0,110.7
ORD-000714,P0097,1,47.92,0.0,47.92
ORD-000714,P0014,1,10.05,0.05,9.55
ORD-000714,P0065,1,49.86,0.1,44.87
ORD-000391,P0002,1,9.54,0.0,9.54
ORD-000899,P0060,1,49.81,0.05,47.32
ORD-000899,P0063,2,13.61,0.0,27.22
ORD-000099,P0021,1,21.63,0.0,21.63
ORD-000165,P0069,2,34.58,0.05,65.7
ORD-000597,P0035,1,8.1,0.0,8.1
ORD-000723,P0087,1,46.49,0.0,46.49
ORD-000408,P0067,2,27.74,0.0,55.48
ORD-000408,P0083,2,74.23,0.05,141.04
ORD-000710,P0049,2,42.13,0.0,84.26
ORD-000196,P0012,1,33.03,0.0,33.03
ORD-000477,P0088,1,61.29,0.1,55.16
ORD-000477,P0086,3,23.07,0.0,69.21
ORD-000477,P0009,1,36.31,0.0,36.31
ORD-000942,P0025,1,36.19,0.15,30.76
ORD-000942,P0080,1,74.23,0.0,74.23
ORD-000046,P0052,2,55.53,0.0,111.06
ORD-000296,P0085,2,13.17,0.0,26.34
ORD-000457,P0028,1,20.29,0.0,20.29
ORD-000642,P0092,3,44.28,0.15,112.91
ORD-000642,P0069,2,36.89,0.05,70.09
ORD-000642,P0102,2,40.91,0.05,77.73
ORD-000642,P0119,1,21.01,0.1,18.91
ORD-000035,P0109,2,37.51,0.0,75.02
ORD-000184,P0058,2,45.03,0.05,85.56
ORD-000184,P0049,5,39.86,0.05,189.34
ORD-000184,P0066,3,12.55,0.05,35.77
ORD-000305,P0080,1,75.21,0.0,75.21
ORD-000305,P0011,1,14.28,0.0,14.28
ORD-000524,P0077,3,24.69,0.0,74.07
ORD-000524,P0057,2,31.25,0.1,56.25
ORD-000524,P0095,1,66.65,0.05,63.32
ORD-000554,P0094,1,45.14,0.0,45.14
ORD-000107,P0086,2,24.12,0.05,45.83
ORD-000107,P0032,1,21.8,0.0,21.8
ORD-000107,P0103,1,36.4,0.0,36.4
ORD-000193,P0082,5,39.43,0.0,197.15
ORD-000613,P0071,3,28.96,0.0,86.88
ORD-000084,P0093,1,48.81,0.0,48.81
ORD-000096,P0078,1,7.46,0.0,7.46
ORD-000151,P0035,2,7.91,0.2,12.66
ORD-000151,P0111,1,26.19,0.0,26.19
ORD-000152,P0095,2,66.68,0.1,120.02
ORD-000152,P0056,1,66.85,0.1,60.16
ORD-000180,P0118,2,54.08,0.05,102.75
ORD-000180,P0039,1,32.37,0.0,32.37
ORD-000236,P0078,1,7.49,0.05,7.12
ORD-000347,P0118,1,53.46,0.0,53.46
ORD-000526,P0063,4,14.16,0.2,45.31
ORD-000526,P0052,1,57.74,0.05,54.85
ORD-000909,P0053,1,36.98,0.0,36.98
ORD-000909,P0114,1,60.59,0.0,60.59
ORD-000291,P0117,2,16.64,0.05,31.62
ORD-000365,P0048,1,69.11,0.0,69.11
ORD-000365,P0090,1,68.99,0.15,58.64
ORD-000234,P0091,2,66.75,0.05,126.82
ORD-000006,P0059,4,13.4,0.0,53.6
ORD-000034,P0085,1,12.61,0.0,12.61
ORD-000034,P0108,2,34.68,0.05,65.89
ORD-000166,P0011,3,14.24,0.0,42.72
ORD-000166,P0067,2,27.39,0.0,54.78
ORD-000166,P0117,3,16.96,0.05,48.34
ORD-000166,P0025,2,37.29,0.1,67.12
ORD-000485,P0074,2,49.24,0.0,98.48
ORD-000623,P0120,1,45.28,0.2,36.22
ORD-000623,P0096,2,61.65,0.0,123.3
ORD-000791,P0068,2,31.34,0.0,62.68
ORD-000791,P0054,1,32.77,0.0,32.77
ORD-000900,P0015,1,46.49,0.0,46.49
ORD-000093,P0024,2,12.05,0.2,19.28
ORD-000396,P0057,2,33.4,0.0,66.8
ORD-000396,P0081,1,28.54,0.0,28.54
ORD-000396,P0117,1,16.96,0.0,16.96
ORD-000327,P0013,1,48.24,0.0,48.24
ORD-000327,P0002,2,9.75,0.0,19.5
ORD-000529,P0001,2,16.78,0.1,30.2
ORD-000529,P0049,4,40.64,0.0,162.56
ORD-000549,P0048,2,68.87,0.0,137.74
ORD-000428,P0047,2,52.46,0.0,104.92
ORD-000694,P0043,2,26.27,0.1,47.29
ORD-000442,P0107,3,12.45,0.05,35.48
ORD-000027,P0036,2,48.43,0.05,92.02
ORD-000027,P0090,2,68.97,0.0,137.94
ORD-000027,P0097,1,49.76,0.15,42.3
ORD-000198,P0003,3,26.25,0.05,74.81
ORD-000198,P0082,2,37.28,0.0,74.56
ORD-000198,P0047,2,54.23,0.0,108.46
ORD-000495,P0120,2,44.52,0.0,89.04
ORD-000495,P0061,2,51.73,0.1,93.11
ORD-000495,P0085,3,13.31,0.05,37.93
ORD-000495,P0110,1,36.83,0.0,36.83
ORD-000462,P0071,1,27.87,0.0,27.87
ORD-000462,P0112,2,43.38,0.0,86.76
ORD-000462,P0060,2,52.19,0.0,104.38
ORD-000358,P0092,1,47.04,0.0,47.04
ORD-000455,P0036,1,48.0,0.0,48.0
ORD-000962,P0016,4,28.77,0.0,115.08
ORD-000962,P0086,2,23.38,0.0,46.76
ORD-000962,P0018,1,55.66,0.0,55.66
ORD-000378,P0117,2,17.16,0.0,34.32
ORD-000875,P0072,1,61.29,0.0,61.29
ORD-000875,P0110,1,35.69,0.0,35.69
ORD-000977,P0025,4,36.28,0.0,145.12
ORD-000977,P0096,1,63.59,0.05,60.41
ORD-000086,P0076,1,16.83,0.2,13.46
ORD-000188,P0047,2,54.82,0.0,109.64
ORD-000306,P0076,1,15.74,0.1,14.17
ORD-000306,P0029,1,64.89,0.0,64.89
ORD-000539,P0088,1,59.95,0.0,59.95
ORD-000259,P0103,2,35.63,0.0,71.26
ORD-000259,P0106,5,38.2,0.2,152.8
ORD-000547,P0062,3,34.02,0.05,96.96
ORD-000547,P0081,1,29.93,0.0,29.93
ORD-000600,P0027,4,34.79,0.05,132.2
ORD-000600,P0109,4,39.71,0.1,142.96
ORD-000600,P0094,2,45.35,0.1,81.63
ORD-000672,P0021,1,22.36,0.0,22.36
ORD-000672,P0003,1,25.08,0.0,25.08
ORD-000672,P0071,2,27.5,0.15,46.75
ORD-000988,P0071,1,27.59,0.1,24.83
ORD-000988,P0051,3,48.93,0.15,124.77
ORD-000999,P0084,1,23.17,0.05,22.01
ORD-000230,P0019,1,95.93,0.0,95.93
ORD-000608,P0047,3,51.29,0.1,138.48
ORD-000608,P0093,3,49.66,0.2,119.18
ORD-000758,P0022,1,51.97,0.0,51.97
ORD-000758,P0119,4,20.14,0.0,80.56
ORD-000989,P0056,4,68.18,0.0,272.72
ORD-000360,P0031,1,24.54,0.05,23.31
ORD-000406,P0096,1,65.2,0.1,58.68
ORD-000829,P0100,3,52.72,0.0,158.16
ORD-000829,P0060,2,50.98,0.0,101.96
ORD-000106,P0063,2,14.13,0.0,28.26
ORD-000173,P0074,1,50.84,0.1,45.76
ORD-000173,P0062,1,33.99,0.05,32.29
ORD-000566,P0074,1,49.16,0.05,46.7
ORD-000789,P0069,2,34.16,0.0,68.32
ORD-000789,P0024,1,12.66,0.0,12.66
ORD-000789,P0052,1,58.18,0.05,55.27
ORD-000834,P0016,4,29.38,0.0,117.52
ORD-000834,P0097,2,46.67,0.0,93.34
ORD-000834,P0027,2,34.5,0.0,69.0
ORD-000364,P0021,1,22.06,0.05,20.96
ORD-000430,P0016,1,28.16,0.0,28.16
ORD-000226,P0085,1,12.8,0.15,10.88
ORD-000832,P0101,2,34.73,0.0,69.46
ORD-000832,P0038,2,12.87,0.2,20.59
ORD-000800,P0069,1,36.05,0.05,34.25
ORD-000424,P0005,1,14.68,0.1,13.21
ORD-000268,P0078,1,7.36,0.05,6.99
ORD-000268,P0071,1,27.44,0.0,27.44
ORD-000268,P0028,3,19.7,0.0,59.1
ORD-000268,P0076,1,16.28,0.05,15.47
ORD-000805,P0010,2,58.35,0.05,110.86
ORD-000805,P0081,1,28.53,0.05,27.1
ORD-000636,P0078,3,7.48,0.1,20.2
ORD-000636,P0021,1,23.34,0.0,23.34
ORD-000636,P0054,1,32.32,0.05,30.7
ORD-000738,P0043,2,27.06,0.0,54.12
ORD-000210,P0112,2,43.5,0.0,87.0
ORD-000580,P0029,4,61.65,0.05,234.27
ORD-000580,P0049,1,41.78,0.0,41.78
ORD-000580,P0014,1,10.06,0.1,9.05
ORD-000580,P0101,1,35.18,0.1,31.66
ORD-000819,P0097,1,47.31,0.05,44.94
ORD-000392,P0069,3,35.45,0.0,106.35
ORD-000392,P0071,1,28.02,0.0,28.02
ORD-000392,P0077,1,25.18,0.05,23.92
ORD-000392,P0113,1,28.42,0.2,22.74
ORD-000089,P0032,2,22.49,0.0,44.98
ORD-000089,P0087,5,47.83,0.0,239.15
ORD-000427,P0055,1,37.76,0.15,32.1
ORD-000728,P0082,3,39.45,0.0,118.35
ORD-000333,P0012,2,33.17,0.0,66.34
ORD-000592,P0074,1,50.83,0.0,50.83
ORD-000885,P0112,4,44.03,0.0,176.12
ORD-000885,P0002,2,9.36,0.0,18.72
ORD-000753,P0114,1,62.69,0.15,53.29
ORD-000753,P0069,2,36.13,0.05,68.65
ORD-000753,P0090,2,67.7,0.05,128.63
ORD-000753,P0016,4,29.21,0.1,105.16
ORD-000928,P0078,2,7.87,0.05,14.95
ORD-000928,P0006,3,19.21,0.0,57.63
ORD-000108,P0108,1,34.59,0.0,34.59
ORD-000915,P0022,4,51.9,0.05,197.22
ORD-000915,P0048,3,71.71,0.1,193.62
ORD-000341,P0062,1,33.25,0.05,31.59
ORD-000581,P0028,1,20.55,0.05,19.52
ORD-000581,P0119,3,20.01,0.0,60.03
ORD-000699,P0063,1,13.81,0.0,13.81
ORD-000699,P0008,1,54.97,0.1,49.47
ORD-000209,P0046,1,37.83,0.0,37.83
ORD-000216,P0116,1,42.13,0.0,42.13
ORD-000216,P0020,2,75.56,0.0,151.12
ORD-000862,P0047,1,51.63,0.1,46.47
ORD-000689,P0057,2,32.28,0.0,64.56
ORD-000160,P0001,3,16.42,0.0,49.26
ORD-000160,P0046,1,36.93,0.0,36.93
ORD-000761,P0005,1,14.56,0.0,14.56
ORD-000676,P0035,1,8.22,0.1,7.4
ORD-000676,P0016,2,28.07,0.1,50.53
ORD-000059,P0065,2,50.17,0.0,100.34
ORD-000059,P0093,4,51.33,0.0,205.32
ORD-000059,P0119,1,19.97,0.05,18.97
ORD-000528,P0107,1,13.31,0.05,12.64
ORD-000545,P0038,1,12.42,0.0,12.42
ORD-000481,P0094,1,45.28,0.0,45.28
ORD-000481,P0066,1,12.94,0.05,12.29
ORD-000969,P0061,2,52.13,0.05,99.05
ORD-000533,P0024,5,12.44,0.05,59.09
ORD-000533,P0025,1,35.01,0.0,35.01
ORD-000411,P0119,2,20.1,0.0,40.2
ORD-000411,P0019,1,92.2,0.05,87.59
ORD-000411,P0055,1,36.62,0.0,36.62
ORD-000411,P0003,1,25.59,0.0,25.59
ORD-000470,P0036,4,49.78,0.0,199.12
ORD-000585,P0024,1,12.59,0.0,12.59
ORD-000585,P0006,1,19.8,0.0,19.8
ORD-000585,P0001,1,16.73,0.0,16.73
ORD-000665,P0013,2,47.98,0.1,86.36
ORD-000851,P0047,2,52.39,0.1,94.3
ORD-000049,P0048,2,68.13,0.0,136.26
ORD-000049,P0031,3,24.19,0.05,68.94
ORD-000095,P0076,4,16.88,0.1,60.77
ORD-000488,P0058,4,44.45,0.0,177.8
ORD-000895,P0093,1,51.21,0.0,51.21
ORD-000050,P0017,1,25.5,0.0,25.5
ORD-000132,P0110,1,36.39,0.0,36.39
ORD-000132,P0109,2,37.66,0.0,75.32
ORD-000132,P0117,1,16.87,0.15,14.34
ORD-000228,P0022,2,51.02,0.0,102.04
ORD-000228,P0077,1,26.03,0.05,24.73
ORD-000228,P0036,2,48.55,0.05,92.24
ORD-000814,P0010,2,55.61,0.1,100.1
ORD-000814,P0022,1,51.62,0.0,51.62
ORD-000814,P0057,1,31.71,0.05,30.12
ORD-000239,P0102,1,40.12,0.0,40.12
ORD-000239,P0066,3,12.53,0.0,37.59
ORD-000239,P0059,1,13.49,0.0,13.49
ORD-000388,P0082,1,39.26,0.15,33.37
ORD-000402,P0102,1,40.93,0.2,32.74
ORD-000663,P0015,1,44.8,0.05,42.56
ORD-000911,P0011,4,15.08,0.0,60.32
ORD-000014,P0115,2,21.11,0.0,42.22
ORD-000218,P0106,2,38.7,0.0,77.4
ORD-000218,P0046,1,38.52,0.1,34.67
ORD-000218,P0029,4,63.71,0.05,242.1
ORD-000561,P0084,3,24.12,0.0,72.36
ORD-000561,P0033,2,34.96,0.0,69.92
ORD-000591,P0104,2,23.98,0.0,47.96
ORD-000591,P0110,2,36.45,0.15,61.96
ORD-000871,P0024,1,12.66,0.0,12.66
ORD-000033,P0094,2,44.32,0.0,88.64
ORD-000033,P0024,1,12.25,0.05,11.64
ORD-000301,P0010,1,55.93,0.05,53.13
ORD-000182,P0093,1,51.07,0.1,45.96
ORD-000604,P0049,1,41.79,0.1,37.61
ORD-000604,P0050,2,43.23,0.0,86.46
ORD-000790,P0019,4,94.4,0.1,339.84
ORD-000126,P0102,1,40.16,0.0,40.16
ORD-000285,P0026,1,16.28,0.0,16.28
ORD-000285,P0018,1,53.11,0.0,53.11
ORD-000336,P0089,1,26.26,0.0,26.26
ORD-000975,P0070,1,48.26,0.1,43.43
ORD-000235,P0117,1,16.47,0.0,16.47
ORD-000653,P0037,1,63.67,0.0,63.67
ORD-000213,P0106,1,40.94,0.0,40.94
ORD-000213,P0116,4,40.07,0.0,160.28
ORD-000213,P0015,1,44.84,0.15,38.11
ORD-000542,P0006,2,18.68,0.0,37.36
ORD-000630,P0087,1,47.34,0.0,47.34
ORD-000630,P0055,2,36.66,0.0,73.32
ORD-000944,P0085,1,13.43,0.1,12.09
ORD-000944,P0048,2,71.77,0.2,114.83
ORD-000944,P0120,2,44.69,0.0,89.38
ORD-000683,P0102,2,39.35,0.0,78.7
ORD-000290,P0094,1,45.44,0.0,45.44
ORD-000290,P0036,2,48.37,0.0,96.74
ORD-000309,P0053,2,35.29,0.1,63.52
ORD-000309,P0078,2,7.44,0.0,14.88
ORD-000091,P0069,1,36.43,0.0,36.43
ORD-000091,P0064,2,52.17,0.0,104.34
ORD-000624,P0096,2,62.85,0.0,125.7
ORD-000624,P0029,5,60.85,0.0,304.25
ORD-000954,P0118,1,57.18,0.1,51.46
ORD-000954,P0015,2,44.61,0.0,89.22
ORD-000954,P0008,3,59.4,0.15,151.47
ORD-000954,P0117,1,17.28,0.0,17.28
ORD-000413,P0090,2,68.43,0.0,136.86
ORD-000788,P0048,2,67.37,0.1,121.27
ORD-000788,P0007,3,16.88,0.0,50.64
ORD-000788,P0090,1,66.77,0.0,66.77
ORD-000788,P0014,2,9.62,0.0,19.24
ORD-000440,P0096,2,63.18,0.0,126.36
ORD-000440,P0068,1,31.46,0.05,29.89
ORD-000976,P0020,1,77.98,0.05,74.08
ORD-000167,P0021,1,23.1,0.05,21.94
ORD-000219,P0071,1,28.15,0.0,28.15
ORD-000219,P0092,1,47.05,0.0,47.05
ORD-000219,P0107,1,12.69,0.15,10.79
ORD-000322,P0052,1,57.29,0.1,51.56
ORD-000322,P0080,5,76.61,0.0,383.05
ORD-000217,P0062,2,33.77,0.0,67.54
ORD-000217,P0041,1,21.52,0.0,21.52
ORD-000596,P0014,1,9.98,0.1,8.98
ORD-000445,P0037,1,59.85,0.0,59.85
ORD-000536,P0117,1,16.91,0.05,16.06
ORD-000993,P0035,1,8.24,0.0,8.24
ORD-000001,P0062,1,33.51,0.2,26.81
ORD-000001,P0006,2,19.87,0.0,39.74
ORD-000001,P0007,1,17.39,0.0,17.39
ORD-000001,P0041,1,22.04,0.0,22.04
ORD-000343,P0065,2,47.04,0.1,84.67
ORD-000343,P0013,1,48.69,0.0,48.69
ORD-000343,P0104,1,25.02,0.0,25.02
ORD-000658,P0092,3,46.6,0.05,132.81
ORD-000658,P0030,2,50.32,0.15,85.54
ORD-000808,P0094,2,47.68,0.0,95.36
ORD-000808,P0078,2,7.49,0.0,14.98
ORD-000112,P0056,2,68.48,0.0,136.96
ORD-000112,P0006,5,19.33,0.15,82.15
ORD-000112,P0115,1,22.26,0.0,22.26
ORD-000181,P0099,3,42.56,0.15,108.53
ORD-000670,P0012,1,33.42,0.0,33.42
ORD-000670,P0064,1,52.82,0.0,52.82
ORD-000670,P0013,1,48.09,0.0,48.09
ORD-000695,P0033,2,34.73,0.0,69.46
ORD-000695,P0098,1,22.43,0.1,20.19
ORD-000695,P0113,1,28.72,0.15,24.41
ORD-000695,P0057,1,32.09,0.1,28.88
ORD-000864,P0048,1,68.43,0.1,61.59
ORD-000864,P0011,2,14.77,0.05,28.06
ORD-000864,P0088,2,58.26,0.1,104.87
ORD-000864,P0053,1,36.78,0.0,36.78
ORD-000991,P0052,3,56.51,0.1,152.58
ORD-000679,P0045,1,11.1,0.1,9.99
ORD-000679,P0060,1,50.21,0.0,50.21
ORD-000749,P0051,1,48.97,0.0,48.97
ORD-000749,P0099,2,41.43,0.05,78.72
ORD-000749,P0056,1,67.24,0.0,67.24
ORD-000749,P0026,4,15.74,0.0,62.96
ORD-000018,P0077,1,26.32,0.0,26.32
ORD-000018,P0100,1,51.98,0.0,51.98
ORD-000052,P0098,1,23.54,0.0,23.54
ORD-000052,P0088,1,59.02,0.0,59.02
ORD-000052,P0055,2,38.21,0.0,76.42
ORD-000168,P0034,3,45.39,0.15,115.74
ORD-000168,P0024,1,12.6,0.0,12.6
ORD-000204,P0054,1,32.33,0.1,29.1
ORD-000225,P0056,1,69.23,0.0,69.23
ORD-000225,P0046,3,37.12,0.05,105.79
ORD-000225,P0117,1,16.36,0.05,15.54
ORD-000225,P0089,3,26.66,0.1,71.98
ORD-000280,P0002,3,9.71,0.0,29.13
ORD-000280,P0020,1,78.9,0.05,74.96
ORD-000352,P0093,1,49.96,0.1,44.96
ORD-000030,P0058,2,46.31,0.0,92.62
ORD-000806,P0025,2,36.86,0.05,70.03
ORD-000806,P0054,1,31.49,0.0,31.49
ORD-000120,P0002,2,9.02,0.1,16.24
ORD-000120,P0048,1,71.8,0.05,68.21
ORD-000494,P0059,1,13.63,0.0,13.63
ORD-000494,P0053,1,36.53,0.0,36.53
ORD-000850,P0055,1,37.27,0.0,37.27
ORD-000028,P0037,3,62.73,0.0,188.19
ORD-000357,P0080,4,78.44,0.0,313.76
ORD-000781,P0108,1,35.42,0.05,33.65
ORD-000214,P0064,2,53.02,0.0,106.04
ORD-000512,P0065,2,49.56,0.1,89.21
ORD-000512,P0075,1,13.82,0.0,13.82
ORD-000918,P0110,1,35.73,0.15,30.37
ORD-000992,P0053,2,36.58,0.0,73.16
ORD-000992,P0117,4,17.22,0.0,68.88
ORD-000992,P0106,1,39.89,0.0,39.89
ORD-000720,P0117,1,17.38,0.0,17.38
ORD-000720,P0054,1,31.35,0.0,31.35
ORD-000720,P0087,2,47.91,0.05,91.03
ORD-000888,P0074,5,48.83,0.2,195.32
ORD-000923,P0083,1,71.89,0.15,61.11
ORD-000072,P0082,1,38.79,0.0,38.79
ORD-000146,P0021,1,21.78,0.1,19.6
ORD-000567,P0081,2,29.61,0.05,56.26
ORD-000567,P0074,1,50.07,0.15,42.56
ORD-000009,P0012,1,32.99,0.1,29.69
ORD-000048,P0080,2,78.53,0.0,157.06
ORD-000489,P0096,2,66.69,0.05,126.71
ORD-000578,P0024,3,12.15,0.0,36.45
ORD-000578,P0031,1,25.49,0.1,22.94
ORD-000578,P0084,2,24.16,0.0,48.32
ORD-000675,P0081,3,27.92,0.15,71.2
ORD-000675,P0003,1,24.58,0.0,24.58
ORD-000675,P0082,1,36.8,0.1,33.12
ORD-000675,P0075,3,13.2,0.0,39.6
ORD-000774,P0053,4,34.56,0.05,131.33
ORD-000774,P0010,1,55.29,0.15,47.0
ORD-000774,P0063,2,13.33,0.0,26.66
ORD-000874,P0073,2,41.27,0.0,82.54
ORD-000202,P0045,1,11.17,0.0,11.17
ORD-000881,P0095,1,63.05,0.05,59.9
ORD-000866,P0067,2,26.77,0.0,53.54
ORD-000866,P0066,3,12.26,0.0,36.78
ORD-000369,P0089,4,25.68,0.0,102.72
ORD-000377,P0045,1,11.29,0.0,11.29
ORD-000377,P0091,1,65.18,0.0,65.18
ORD-000377,P0071,1,28.41,0.1,25.57
ORD-000377,P0084,1,23.66,0.05,22.48
ORD-000479,P0040,2,71.89,0.0,143.78
ORD-000479,P0022,3,52.26,0.05,148.94
ORD-000499,P0080,1,74.15,0.0,74.15
ORD-000499,P0014,3,10.15,0.0,30.45
ORD-000499,P0078,3,7.87,0.0,23.61
ORD-000770,P0078,3,7.68,0.15,19.58
ORD-000935,P0004,1,25.81,0.0,25.81
ORD-000353,P0032,1,22.4,0.0,22.4
ORD-000420,P0016,2,28.96,0.0,57.92
ORD-000420,P0002,1,9.25,0.0,9.25
ORD-000420,P0041,1,21.36,0.0,21.36
ORD-000449,P0072,1,63.17,0.1,56.85
ORD-000163,P0010,2,56.95,0.0,113.9
ORD-000163,P0074,2,48.66,0.0,97.32
ORD-000163,P0115,1,20.63,0.0,20.63
ORD-000175,P0058,1,45.38,0.0,45.38
ORD-000628,P0037,2,63.56,0.2,101.7
ORD-000628,P0003,3,24.86,0.1,67.12
ORD-000719,P0115,1,21.46,0.0,21.46
ORD-000005,P0061,1,52.1,0.05,49.5
ORD-000153,P0097,1,46.29,0.1,41.66
ORD-000480,P0007,1,18.22,0.0,18.22
ORD-000480,P0051,2,52.41,0.1,94.34
ORD-000661,P0014,3,9.61,0.2,23.06
ORD-000661,P0004,3,25.64,0.0,76.92
ORD-000661,P0029,1,64.42,0.1,57.98
ORD-000661,P0007,2,17.59,0.0,35.18
ORD-000768,P0007,3,16.9,0.0,50.7
ORD-000768,P0034,1,46.03,0.05,43.73
ORD-000949,P0049,1,39.55,0.0,39.55
ORD-000949,P0035,1,8.43,0.05,8.01
ORD-000949,P0090,3,71.69,0.0,215.07
ORD-000740,P0016,1,27.88,0.0,27.88
ORD-000953,P0036,2,48.88,0.0,97.76
ORD-000953,P0042,2,28.94,0.0,57.88
ORD-000025,P0032,2,21.6,0.0,43.2
ORD-000025,P0085,5,12.55,0.0,62.75
ORD-000025,P0083,1,76.46,0.0,76.46
ORD-000332,P0027,2,36.31,0.0,72.62
ORD-000401,P0040,2,70.23,0.1,126.41
ORD-000647,P0017,1,25.12,0.2,20.1
ORD-000891,P0066,1,12.3,0.0,12.3
ORD-000891,P0026,2,16.79,0.0,33.58
ORD-000891,P0100,1,51.93,0.0,51.93
ORD-000910,P0003,3,24.67,0.0,74.01
ORD-000938,P0058,1,47.59,0.0,47.59
ORD-000938,P0046,1,36.98,0.0,36.98
ORD-000945,P0007,1,16.98,0.05,16.13
ORD-000945,P0057,2,32.24,0.0,64.48
ORD-000425,P0077,1,25.65,0.0,25.65
ORD-000612,P0007,2,18.18,0.0,36.36
ORD-000764,P0005,1,14.61,0.0,14.61
ORD-000825,P0113,2,28.4,0.0,56.8
ORD-000083,P0094,3,46.8,0.0,140.4
ORD-000755,P0027,1,34.97,0.05,33.22
ORD-000961,P0013,1,48.05,0.0,48.05
ORD-000961,P0024,1,12.75,0.0,12.75
ORD-000183,P0009,1,36.99,0.0,36.99
ORD-000331,P0086,1,24.6,0.1,22.14
ORD-000331,P0061,1,51.93,0.0,51.93
ORD-000331,P0055,1,37.03,0.0,37.03
ORD-000331,P0043,3,27.3,0.0,81.9
ORD-000405,P0088,5,61.07,0.0,305.35
ORD-000044,P0019,2,90.65,0.1,163.17
ORD-000062,P0063,2,14.22,0.0,28.44
ORD-000143,P0047,1,52.36,0.05,49.74
ORD-000143,P0059,3,14.09,0.1,38.04
ORD-000251,P0077,1,25.47,0.05,24.2
ORD-000251,P0062,1,33.79,0.0,33.79
ORD-000251,P0015,5,44.83,0.0,224.15
ORD-000342,P0090,1,70.46,0.0,70.46
ORD-000342,P0056,4,68.24,0.15,232.02
ORD-000523,P0087,3,48.53,0.1,131.03
ORD-000523,P0070,1,49.8,0.0,49.8
ORD-000523,P0116,1,41.07,0.15,34.91
ORD-000577,P0025,1,36.13,0.0,36.13
ORD-000656,P0056,1,70.02,0.1,63.02
ORD-000656,P0102,1,40.9,0.0,40.9
ORD-000313,P0060,1,53.45,0.05,50.78
ORD-000313,P0088,2,58.54,0.0,117.08
ORD-000692,P0002,1,9.62,0.0,9.62
ORD-000692,P0059,1,13.24,0.0,13.24
ORD-000692,P0006,3,18.48,0.0,55.44
ORD-000947,P0101,2,35.63,0.0,71.26
ORD-000947,P0110,1,36.16,0.2,28.93
ORD-000947,P0065,1,49.23,0.0,49.23
ORD-000372,P0061,4,49.85,0.05,189.43
ORD-000040,P0052,4,55.93,0.0,223.72
ORD-000203,P0040,1,69.01,0.1,62.11
ORD-000463,P0018,1,52.26,0.0,52.26
ORD-000463,P0088,1,57.5,0.0,57.5
ORD-000463,P0099,2,42.56,0.0,85.12
ORD-000504,P0056,1,68.54,0.0,68.54
ORD-000504,P0013,2,46.75,0.0,93.5
ORD-000504,P0018,1,55.82,0.0,55.82
ORD-000041,P0004,1,24.47,0.15,20.8
ORD-000041,P0099,2,42.67,0.0,85.34
ORD-000041,P0054,2,33.27,0.1,59.89
ORD-000588,P0109,1,38.55,0.0,38.55
ORD-000652,P0112,3,42.83,0.0,128.49
ORD-000652,P0067,5,26.53,0.05,126.02
ORD-000652,P0059,3,13.86,0.05,39.5
ORD-000757,P0016,2,29.02,0.0,58.04
ORD-000757,P0095,1,63.17,0.05,60.01
ORD-000757,P0075,1,13.22,0.05,12.56
ORD-000872,P0039,2,33.59,0.1,60.46
ORD-000872,P0081,2,28.13,0.0,56.26
ORD-000872,P0040,1,71.48,0.0,71.48
ORD-000968,P0014,1,10.16,0.0,10.16
ORD-000260,P0016,1,28.43,0.0,28.43
ORD-000350,P0109,1,39.85,0.05,37.86
ORD-000745,P0079,1,11.03,0.0,11.03
ORD-000745,P0016,2,27.88,0.0,55.76
ORD-000745,P0056,2,65.87,0.0,131.74
ORD-000858,P0013,4,47.26,0.05,179.59
ORD-000979,P0090,2,68.91,0.1,124.04
ORD-000996,P0037,1,62.12,0.0,62.12
ORD-000373,P0083,2,75.5,0.0,151.0
ORD-000662,P0046,3,37.91,0.0,113.73
ORD-000662,P0018,1,53.83,0.1,48.45
ORD-000662,P0060,1,53.19,0.0,53.19
ORD-000712,P0023,1,27.33,0.0,27.33
ORD-000712,P0084,1,24.54,0.0,24.54
ORD-000798,P0085,1,13.44,0.05,12.77
ORD-000798,P0039,1,32.39,0.05,30.77
ORD-000798,P0119,1,21.49,0.1,19.34
ORD-000846,P0017,1,26.32,0.0,26.32
ORD-000846,P0090,2,68.58,0.0,137.16
ORD-000178,P0021,2,22.5,0.05,42.75
ORD-000178,P0030,1,50.61,0.1,45.55
ORD-000178,P0013,3,48.41,0.0,145.23
ORD-000417,P0094,2,45.8,0.0,91.6
ORD-000417,P0115,2,20.75,0.1,37.35
ORD-000417,P0050,1,45.82,0.05,43.53
ORD-000827,P0119,1,20.7,0.0,20.7
ORD-000827,P0023,2,27.11,0.0,54.22
ORD-000827,P0042,1,28.87,0.0,28.87
ORD-000019,P0056,1,69.06,0.0,69.06
ORD-000019,P0105,1,37.39,0.0,37.39
ORD-000562,P0018,3,53.23,0.0,159.69
ORD-000575,P0010,1,57.16,0.15,48.59
ORD-000575,P0044,2,18.69,0.1,33.64
ORD-000573,P0061,1,51.35,0.0,51.35
ORD-000573,P0065,1,47.21,0.0,47.21
ORD-000943,P0010,1,54.46,0.0,54.46
ORD-000264,P0064,1,52.93,0.0,52.93
ORD-000437,P0038,4,12.59,0.05,47.84
ORD-000140,P0112,1,43.55,0.0,43.55
ORD-000517,P0067,4,27.39,0.0,109.56
ORD-000538,P0090,3,69.57,0.15,177.4
ORD-000560,P0084,1,23.29,0.1,20.96
ORD-000560,P0004,1,24.59,0.1,22.13
ORD-000560,P0005,1,15.23,0.15,12.95
ORD-000560,P0044,1,18.69,0.1,16.82
ORD-000769,P0079,3,11.75,0.0,35.25
ORD-000769,P0090,1,68.65,0.05,65.22
ORD-000793,P0114,4,60.97,0.0,243.88
ORD-000793,P0071,1,28.01,0.05,26.61
ORD-000793,P0062,1,33.49,0.1,30.14
ORD-000878,P0003,2,25.93,0.0,51.86
ORD-000878,P0120,3,46.66,0.05,132.98
ORD-000878,P0008,1,55.19,0.1,49.67
ORD-000878,P0004,2,25.05,0.0,50.1
ORD-000571,P0057,1,32.74,0.15,27.83
ORD-000080,P0044,1,18.04,0.0,18.04
ORD-000287,P0030,2,53.33,0.1,95.99
ORD-000287,P0053,1,37.17,0.0,37.17
ORD-000553,P0105,1,34.98,0.0,34.98
ORD-000553,P0008,1,56.55,0.05,53.72
ORD-000145,P0038,1,12.74,0.05,12.1
ORD-000220,P0010,4,54.81,0.05,208.28
ORD-000220,P0033,2,36.9,0.1,66.42
ORD-000483,P0039,4,33.19,0.0,132.76
ORD-000047,P0068,1,31.26,0.0,31.26
ORD-000047,P0115,1,22.1,0.05,21.0
ORD-000061,P0036,1,47.53,0.2,38.02
ORD-000061,P0011,1,14.91,0.0,14.91
ORD-000227,P0105,2,34.72,0.0,69.44
ORD-000345,P0098,1,22.57,0.0,22.57
ORD-000771,P0036,2,48.17,0.15,81.89
ORD-000815,P0110,2,36.83,0.1,66.29
ORD-000407,P0006,1,18.98,0.05,18.03
ORD-000450,P0085,1,13.28,0.15,11.29
ORD-000450,P0040,3,70.78,0.0,212.34
ORD-000922,P0034,2,47.89,0.0,95.78
ORD-000922,P0104,3,24.53,0.0,73.59
ORD-000922,P0097,2,48.8,0.0,97.6
ORD-000037,P0050,4,46.42,0.0,185.68
ORD-000064,P0069,2,36.28,0.0,72.56
ORD-000064,P0060,4,51.4,0.2,164.48
ORD-000064,P0055,1,38.32,0.0,38.32
ORD-000064,P0074,2,48.96,0.2,78.34
ORD-000118,P0038,1,12.97,0.0,12.97
ORD-000118,P0044,2,19.12,0.1,34.42
ORD-000118,P0074,2,48.36,0.0,96.72
ORD-000898,P0034,3,46.71,0.0,140.13
ORD-000904,P0005,4,14.9,0.1,53.64
ORD-000468,P0008,1,55.31,0.1,49.78
ORD-000590,P0009,1,38.29,0.0,38.29
ORD-000590,P0057,3,31.47,0.05,89.69
ORD-000639,P0080,2,74.35,0.05,141.26
ORD-000150,P0065,3,49.21,0.0,147.63
ORD-000282,P0008,5,59.42,0.0,297.1
ORD-000282,P0092,3,46.75,0.0,140.25
ORD-000558,P0031,1,24.09,0.0,24.09
ORD-000644,P0031,1,24.67,0.1,22.2
ORD-000644,P0027,1,35.97,0.1,32.37
ORD-000816,P0042,2,28.14,0.2,45.02
ORD-000325,P0048,2,67.85,0.0,135.7
ORD-000325,P0061,4,52.55,0.0,210.2
ORD-000325,P0038,2,13.17,0.0,26.34
ORD-000646,P0066,2,13.19,0.0,26.38
ORD-000646,P0101,2,35.32,0.0,70.64
ORD-000646,P0075,2,13.68,0.15,23.26
ORD-000972,P0029,2,64.47,0.0,128.94
ORD-000972,P0073,1,41.35,0.1,37.22
ORD-000972,P0065,2,49.52,0.0,99.04
ORD-000972,P0074,1,48.64,0.0,48.64
ORD-000026,P0043,2,27.06,0.0,54.12
ORD-000026,P0032,2,21.44,0.0,42.88
ORD-000026,P0103,2,36.43,0.0,72.86
ORD-000857,P0065,1,48.36,0.0,48.36
ORD-000077,P0101,1,35.07,0.1,31.56
ORD-000119,P0069,1,36.68,0.05,34.85
ORD-000631,P0078,2,7.49,0.0,14.98
ORD-000631,P0034,1,46.94,0.0,46.94
ORD-000905,P0113,1,27.21,0.0,27.21
ORD-000905,P0099,1,42.12,0.1,37.91
ORD-000416,P0061,1,52.37,0.1,47.13
ORD-000416,P0096,1,62.5,0.0,62.5
ORD-000433,P0068,1,30.58,0.0,30.58
ORD-000433,P0118,2,54.48,0.0,108.96
ORD-000471,P0106,3,39.68,0.05,113.09
ORD-000503,P0006,1,19.09,0.0,19.09
ORD-000503,P0010,1,57.63,0.0,57.63
ORD-000503,P0095,1,63.12,0.0,63.12
ORD-000503,P0118,2,57.48,0.15,97.72
ORD-000515,P0115,1,21.57,0.05,20.49
ORD-000697,P0042,1,28.48,0.05,27.06
ORD-000414,P0013,1,47.53,0.1,42.78
ORD-000414,P0030,1,53.14,0.0,53.14
ORD-000414,P0039,1,31.99,0.0,31.99
ORD-000414,P0064,1,53.82,0.05,51.13
ORD-000892,P0027,1,35.9,0.0,35.9
ORD-000892,P0056,1,65.43,0.0,65.43
ORD-000892,P0067,1,28.23,0.0,28.23
ORD-000892,P0036,3,50.86,0.05,144.95
ORD-000157,P0086,1,23.8,0.0,23.8
ORD-000157,P0036,1,49.34,0.0,49.34
ORD-000157,P0019,3,93.93,0.0,281.79
ORD-000241,P0106,1,38.7,0.15,32.9
ORD-000241,P0004,1,25.08,0.0,25.08
ORD-000681,P0118,1,56.55,0.1,50.9
ORD-000722,P0056,1,65.26,0.0,65.26
ORD-000765,P0086,1,23.42,0.0,23.42
ORD-000090,P0094,1,45.48,0.0,45.48
ORD-000090,P0010,2,56.9,0.0,113.8
ORD-000090,P0042,2,29.35,0.0,58.7
ORD-000194,P0091,2,64.75,0.1,116.55
ORD-000687,P0113,1,28.22,0.0,28.22
ORD-000687,P0081,1,28.53,0.15,24.25
ORD-000278,P0034,1,48.1,0.05,45.7
ORD-000278,P0061,1,49.64,0.1,44.68
ORD-000308,P0110,1,35.56,0.0,35.56
ORD-000308,P0093,1,48.87,0.0,48.87
ORD-000308,P0096,1,63.6,0.05,60.42
ORD-000308,P0028,2,19.83,0.05,37.68
ORD-000435,P0039,3,33.43,0.05,95.28
ORD-000792,P0081,2,28.92,0.0,57.84
ORD-000792,P0051,1,52.62,0.1,47.36
ORD-000974,P0054,1,32.66,0.0,32.66
ORD-000974,P0058,1,45.35,0.0,45.35
ORD-000995,P0091,2,65.62,0.1,118.12
ORD-000995,P0017,1,25.22,0.0,25.22
ORD-000111,P0065,1,50.27,0.0,50.27
ORD-000461,P0042,2,28.26,0.1,50.87
ORD-000461,P0034,1,46.02,0.0,46.02
ORD-000548,P0029,2,60.99,0.0,121.98
ORD-000548,P0044,1,19.26,0.0,19.26
ORD-000648,P0015,1,45.49,0.15,38.67
ORD-000648,P0079,1,11.36,0.1,10.22
ORD-000648,P0043,1,27.04,0.1,24.34
ORD-000640,P0007,1,17.35,0.0,17.35
ORD-000845,P0069,1,36.14,0.0,36.14
ORD-000607,P0048,1,68.16,0.05,64.75
ORD-000795,P0005,4,14.45,0.0,57.8
ORD-000795,P0109,1,37.78,0.0,37.78
ORD-000795,P0003,1,25.85,0.0,25.85
ORD-000795,P0097,1,46.46,0.1,41.81
ORD-000812,P0017,2,24.93,0.0,49.86
ORD-000812,P0105,1,36.7,0.1,33.03
ORD-000818,P0002,2,9.41,0.15,16.0
ORD-000318,P0076,2,15.98,0.05,30.36
ORD-000340,P0042,1,29.01,0.0,29.01
ORD-000986,P0013,1,47.88,0.0,47.88
ORD-000021,P0012,1,34.07,0.0,34.07
ORD-000065,P0090,1,67.7,0.0,67.7
ORD-000249,P0051,2,51.61,0.0,103.22
ORD-000249,P0048,1,67.1,0.1,60.39
ORD-000351,P0062,1,34.42,0.0,34.42
ORD-000926,P0011,1,15.06,0.0,15.06
ORD-000926,P0013,1,45.93,0.05,43.63
ORD-000926,P0072,1,63.75,0.0,63.75
ORD-000998,P0099,1,42.1,0.05,39.99
ORD-000238,P0005,1,14.81,0.0,14.81
ORD-000238,P0042,2,29.04,0.1,52.27
ORD-000238,P0089,1,25.78,0.05,24.49
ORD-000705,P0091,1,66.0,0.05,62.7
ORD-000453,P0118,1,53.75,0.0,53.75
ORD-000453,P0014,1,9.92,0.0,9.92
ORD-000569,P0112,5,42.67,0.0,213.35
ORD-000659,P0103,1,34.33,0.1,30.9
ORD-000039,P0002,1,9.33,0.0,9.33
ORD-000201,P0087,1,48.17,0.0,48.17
ORD-000201,P0035,1,8.05,0.05,7.65
ORD-000201,P0067,2,28.38,0.0,56.76
ORD-000348,P0061,1,50.18,0.05,47.67
ORD-000348,P0060,5,53.29,0.0,266.45
ORD-000565,P0061,1,49.56,0.0,49.56
ORD-000565,P0002,5,9.01,0.05,42.8
ORD-000147,P0013,1,46.65,0.0,46.65
ORD-000438,P0021,1,22.61,0.0,22.61
ORD-000438,P0009,2,38.77,0.0,77.54
ORD-000464,P0112,2,43.83,0.1,78.89
ORD-000464,P0055,4,37.29,0.05,141.7
ORD-000464,P0075,1,13.62,0.0,13.62
ORD-000179,P0023,1,26.13,0.1,23.52
ORD-000346,P0099,1,43.32,0.05,41.15
ORD-000346,P0050,1,45.97,0.1,41.37
ORD-000509,P0061,1,52.02,0.2,41.62
ORD-000509,P0027,1,36.43,0.0,36.43
ORD-000924,P0112,1,42.8,0.15,36.38
ORD-000255,P0104,1,24.99,0.0,24.99
ORD-000472,P0016,1,28.19,0.0,28.19
ORD-000472,P0031,1,24.55,0.0,24.55
ORD-000641,P0114,3,64.37,0.15,164.14
ORD-000641,P0078,3,7.72,0.1,20.84
ORD-000698,P0063,2,13.88,0.0,27.76
ORD-000698,P0089,1,25.85,0.0,25.85
ORD-000289,P0060,2,50.9,0.0,101.8
ORD-000693,P0113,4,27.66,0.0,110.64
ORD-000693,P0118,2,53.45,0.0,106.9
ORD-000849,P0001,1,15.63,0.0,15.63
ORD-000849,P0076,1,16.93,0.05,16.08
ORD-000984,P0036,2,48.55,0.2,77.68
ORD-000375,P0036,1,49.23,0.0,49.23
ORD-000375,P0081,2,28.75,0.05,54.62
ORD-000466,P0023,1,27.8,0.05,26.41
ORD-000618,P0005,2,15.17,0.05,28.82
ORD-000618,P0048,1,71.71,0.0,71.71
ORD-000618,P0004,3,24.42,0.0,73.26
ORD-000708,P0041,3,21.35,0.1,57.65
ORD-000708,P0013,2,48.19,0.0,96.38
ORD-000760,P0116,3,39.7,0.2,95.28
ORD-000760,P0041,2,21.51,0.0,43.02
ORD-000017,P0054,2,31.11,0.0,62.22
ORD-000017,P0108,2,34.01,0.0,68.02
ORD-000263,P0006,1,18.71,0.0,18.71
ORD-000316,P0096,3,66.48,0.0,199.44
ORD-000403,P0016,1,29.24,0.0,29.24
ORD-000403,P0044,4,18.08,0.15,61.47
ORD-000199,P0012,1,34.58,0.15,29.39
ORD-000354,P0101,1,34.53,0.0,34.53
ORD-000354,P0002,2,9.19,0.1,16.54
ORD-000478,P0116,1,41.61,0.0,41.61
ORD-000478,P0111,1,27.35,0.0,27.35
ORD-000842,P0041,1,22.32,0.0,22.32
ORD-000901,P0038,1,12.79,0.0,12.79
ORD-000256,P0047,1,53.58,0.0,53.58
ORD-000303,P0107,1,13.16,0.0,13.16
ORD-000303,P0022,1,51.36,0.05,48.79
ORD-000671,P0104,2,24.24,0.0,48.48
ORD-000946,P0071,1,28.02,0.0,28.02
ORD-000946,P0107,1,12.57,0.15,10.68
ORD-000946,P0096,1,64.88,0.0,64.88
ORD-000946,P0102,1,38.86,0.0,38.86
ORD-000283,P0116,1,39.49,0.0,39.49
ORD-000283,P0005,3,14.51,0.0,43.53
ORD-000777,P0116,1,42.13,0.0,42.13
ORD-000890,P0024,1,12.66,0.0,12.66
ORD-000890,P0097,1,47.65,0.0,47.65
ORD-000114,P0033,2,35.71,0.0,71.42
ORD-000114,P0093,1,51.88,0.0,51.88
ORD-000114,P0048,4,72.13,0.0,288.52
ORD-000205,P0035,4,8.12,0.0,32.48
ORD-000101,P0119,3,21.55,0.15,54.95
ORD-000101,P0039,1,33.69,0.05,32.01
ORD-000286,P0043,2,26.38,0.0,52.76
ORD-000295,P0019,1,91.14,0.0,91.14
ORD-000295,P0103,1,36.43,0.0,36.43
ORD-000295,P0045,1,10.84,0.0,10.84
ORD-000060,P0032,1,22.22,0.1,20.0
ORD-000243,P0021,1,22.45,0.05,21.33
ORD-000247,P0117,2,17.29,0.05,32.85
ORD-000247,P0061,2,49.23,0.0,98.46
ORD-000380,P0018,2,55.54,0.1,99.97
ORD-000380,P0052,2,57.44,0.0,114.88
ORD-000668,P0063,2,14.19,0.0,28.38
ORD-000319,P0023,1,26.64,0.1,23.98
ORD-000319,P0099,2,43.25,0.15,73.52
ORD-000319,P0031,2,24.21,0.0,48.42
ORD-000367,P0056,1,66.86,0.0,66.86
ORD-000634,P0040,1,71.15,0.0,71.15
ORD-000016,P0054,2,33.1,0.0,66.2
ORD-000016,P0023,1,27.39,0.0,27.39
ORD-000016,P0021,3,23.05,0.0,69.15
ORD-000016,P0051,1,51.04,0.0,51.04
ORD-000877,P0063,2,13.87,0.0,27.74
ORD-000491,P0055,1,37.51,0.05,35.63
ORD-000625,P0058,2,46.8,0.1,84.24
ORD-000625,P0065,5,47.38,0.0,236.9
ORD-000625,P0048,1,71.2,0.1,64.08
ORD-000810,P0001,1,16.71,0.05,15.87
ORD-000882,P0105,2,37.13,0.0,74.26
ORD-000279,P0006,3,19.11,0.0,57.33
ORD-000279,P0016,2,28.17,0.0,56.34
ORD-000889,P0099,1,41.61,0.0,41.61
ORD-000889,P0105,1,35.91,0.0,35.91
ORD-000599,P0015,1,43.67,0.05,41.49
ORD-000811,P0011,1,14.19,0.0,14.19
ORD-000088,P0115,1,21.34,0.05,20.27
ORD-000088,P0036,3,50.53,0.15,128.85
ORD-000796,P0073,1,39.72,0.0,39.72
ORD-000796,P0059,5,13.94,0.1,62.73
ORD-000796,P0006,1,19.91,0.0,19.91
ORD-000269,P0096,1,62.59,0.05,59.46
ORD-000269,P0039,2,33.09,0.0,66.18
ORD-000269,P0055,3,38.49,0.1,103.92
ORD-000277,P0039,1,33.38,0.0,33.38
ORD-000277,P0079,2,11.35,0.0,22.7
ORD-000284,P0056,2,68.99,0.0,137.98
ORD-000284,P0036,2,49.36,0.15,83.91
ORD-000937,P0035,1,7.87,0.0,7.87
ORD-000937,P0001,1,15.85,0.05,15.06
ORD-000043,P0041,2,21.25,0.05,40.38
ORD-000043,P0013,2,47.7,0.0,95.4
ORD-000043,P0029,1,63.77,0.0,63.77
ORD-000043,P0003,1,25.42,0.0,25.42
ORD-000265,P0106,1,39.27,0.05,37.31
ORD-000619,P0090,1,68.5,0.0,68.5
ORD-000654,P0074,2,50.1,0.0,100.2
ORD-000654,P0011,1,15.2,0.0,15.2
ORD-000320,P0041,1,21.68,0.0,21.68
ORD-000638,P0080,1,75.46,0.1,67.91
ORD-000638,P0046,2,37.38,0.05,71.02
ORD-000709,P0049,1,42.19,0.0,42.19
ORD-000709,P0118,1,54.35,0.0,54.35
ORD-000709,P0069,1,36.56,0.1,32.9
ORD-000709,P0017,5,26.37,0.0,131.85
ORD-000840,P0028,1,20.02,0.0,20.02
ORD-000990,P0014,2,10.05,0.05,19.1
ORD-000298,P0065,1,47.82,0.0,47.82
ORD-000298,P0069,2,34.91,0.15,59.35
ORD-000436,P0112,1,43.55,0.0,43.55
ORD-000703,P0060,2,52.29,0.0,104.58
ORD-000721,P0054,1,31.03,0.0,31.03
ORD-000721,P0053,2,35.78,0.0,71.56
ORD-000776,P0053,1,35.05,0.0,35.05
ORD-000776,P0003,1,24.47,0.0,24.47
ORD-000294,P0114,2,62.37,0.1,112.27
ORD-000294,P0102,3,38.35,0.0,115.05
ORD-000429,P0023,2,26.34,0.0,52.68
ORD-000429,P0061,1,48.96,0.0,48.96
ORD-000429,P0120,1,46.67,0.0,46.67
ORD-000473,P0023,5,26.99,0.0,134.95
ORD-000847,P0043,4,26.61,0.0,106.44
ORD-000847,P0112,4,42.55,0.0,170.2
ORD-000161,P0111,5,27.69,0.0,138.45
ORD-000161,P0067,1,26.86,0.05,25.52
ORD-000008,P0100,2,54.13,0.05,102.85
ORD-000073,P0106,2,38.74,0.0,77.48
ORD-000254,P0099,1,43.85,0.05,41.66
ORD-000254,P0006,1,19.61,0.0,19.61
ORD-000254,P0047,3,54.07,0.0,162.21
ORD-000024,P0093,1,49.52,0.15,42.09
ORD-000024,P0022,2,51.36,0.0,102.72
ORD-000024,P0047,2,51.17,0.1,92.11
ORD-000139,P0032,1,21.76,0.0,21.76
ORD-000139,P0097,2,48.66,0.0,97.32
ORD-000530,P0098,1,22.9,0.0,22.9
ORD-000530,P0018,1,53.24,0.0,53.24
ORD-000837,P0021,1,22.39,0.0,22.39
ORD-000837,P0073,2,40.76,0.0,81.52
ORD-000837,P0082,1,37.74,0.05,35.85
ORD-000837,P0040,1,67.77,0.0,67.77
ORD-000141,P0034,2,47.84,0.2,76.54
ORD-000141,P0047,1,53.48,0.0,53.48
ORD-000754,P0020,2,77.11,0.0,154.22
ORD-000861,P0119,1,20.23,0.0,20.23
ORD-000956,P0115,1,21.7,0.0,21.7
ORD-000097,P0027,1,34.94,0.1,31.45
ORD-000185,P0084,1,23.99,0.05,22.79
ORD-000185,P0026,1,16.52,0.1,14.87
ORD-000185,P0046,2,39.25,0.05,74.58
ORD-000314,P0005,1,14.44,0.0,14.44
ORD-000896,P0071,4,28.77,0.0,115.08
ORD-000109,P0103,1,35.54,0.0,35.54
ORD-000207,P0095,1,67.29,0.1,60.56
ORD-000384,P0092,1,43.81,0.05,41.62
ORD-000409,P0012,1,35.24,0.0,35.24
ORD-000409,P0096,3,64.33,0.0,192.99
ORD-000870,P0075,2,13.5,0.0,27.0
ORD-000154,P0007,2,17.11,0.0,34.22
ORD-000154,P0041,1,21.21,0.0,21.21
ORD-000154,P0102,1,39.38,0.0,39.38
ORD-000171,P0111,1,27.74,0.1,24.97
ORD-000171,P0116,1,41.78,0.05,39.69
ORD-000389,P0001,1,16.03,0.0,16.03
ORD-000422,P0043,1,26.89,0.05,25.55
ORD-000422,P0065,1,49.03,0.0,49.03
ORD-000579,P0065,2,47.38,0.05,90.02
ORD-000579,P0040,1,66.63,0.1,59.97
ORD-000773,P0064,1,53.59,0.05,50.91
ORD-000773,P0021,1,23.15,0.0,23.15
ORD-000794,P0106,1,38.16,0.0,38.16
ORD-000794,P0024,1,12.16,0.1,10.94
ORD-000833,P0088,4,58.09,0.05,220.74
ORD-000833,P0039,1,31.66,0.0,31.66
ORD-000925,P0021,2,21.88,0.15,37.2
ORD-000971,P0084,2,23.42,0.15,39.81
ORD-000971,P0077,1,26.15,0.0,26.15
ORD-000971,P0101,1,34.42,0.0,34.42
ORD-000971,P0054,2,32.11,0.0,64.22
ORD-000614,P0054,1,33.37,0.0,33.37
ORD-000128,P0083,2,77.39,0.1,139.3
ORD-000733,P0091,1,66.56,0.0,66.56
ORD-000853,P0004,2,24.84,0.0,49.68
ORD-000853,P0042,1,27.81,0.0,27.81
ORD-000853,P0055,3,35.94,0.0,107.82
ORD-000541,P0062,4,34.28,0.15,116.55
ORD-000780,P0100,4,52.95,0.0,211.8
ORD-000780,P0085,5,13.1,0.0,65.5
ORD-000780,P0050,1,44.31,0.0,44.31
ORD-000780,P0089,1,25.72,0.0,25.72
ORD-000011,P0010,2,57.59,0.1,103.66
ORD-000011,P0042,2,28.63,0.0,57.26
ORD-000011,P0100,1,51.37,0.0,51.37
ORD-000224,P0072,2,63.58,0.0,127.16
ORD-000224,P0068,2,31.68,0.05,60.19
ORD-000742,P0110,3,36.68,0.1,99.04
ORD-000742,P0047,1,52.85,0.0,52.85
ORD-000404,P0087,5,45.81,0.05,217.6
ORD-000841,P0018,1,55.15,0.1,49.64
ORD-000841,P0016,3,27.47,0.2,65.93
ORD-000841,P0083,1,74.95,0.2,59.96
ORD-000841,P0053,4,36.84,0.0,147.36
ORD-000293,P0037,1,59.66,0.0,59.66
ORD-000293,P0074,1,50.09,0.0,50.09
ORD-000525,P0066,3,12.32,0.15,31.42
ORD-000594,P0025,1,36.6,0.1,32.94
ORD-000594,P0097,1,49.39,0.2,39.51
ORD-000633,P0043,1,27.68,0.0,27.68
ORD-000660,P0089,3,26.03,0.0,78.09
ORD-000660,P0095,1,62.45,0.1,56.21
ORD-000763,P0029,1,61.52,0.1,55.37
ORD-000775,P0099,1,42.92,0.0,42.92
ORD-000775,P0042,3,29.43,0.1,79.46
ORD-000164,P0074,1,48.46,0.0,48.46
ORD-000164,P0020,1,77.31,0.15,65.71
ORD-000700,P0017,1,26.32,0.0,26.32
ORD-000122,P0030,2,50.49,0.0,100.98
ORD-000382,P0030,2,49.76,0.1,89.57
ORD-000382,P0120,4,44.6,0.15,151.64
ORD-000382,P0118,1,57.27,0.1,51.54
ORD-000382,P0028,1,19.14,0.0,19.14
ORD-000813,P0099,1,43.47,0.0,43.47
ORD-000362,P0117,1,16.86,0.0,16.86
ORD-000174,P0063,2,13.53,0.2,21.65
ORD-000281,P0027,5,36.42,0.0,182.1
ORD-000144,P0015,4,43.59,0.0,174.36
ORD-000215,P0110,1,36.43,0.0,36.43
ORD-000715,P0109,2,38.01,0.05,72.22
ORD-000100,P0104,3,23.7,0.15,60.43
ORD-000100,P0050,2,46.3,0.0,92.6
ORD-000312,P0023,1,26.25,0.05,24.94
ORD-000312,P0073,2,38.72,0.1,69.7
ORD-000312,P0002,3,9.5,0.0,28.5
ORD-000465,P0021,1,21.91,0.0,21.91
ORD-000593,P0104,2,24.03,0.1,43.25
ORD-000622,P0021,1,21.97,0.0,21.97
ORD-000929,P0108,1,34.5,0.1,31.05
ORD-000707,P0114,1,63.28,0.0,63.28
ORD-000865,P0070,1,48.6,0.0,48.6
ORD-000906,P0002,1,9.17,0.0,9.17
ORD-000439,P0061,1,50.52,0.1,45.47
ORD-000475,P0110,2,37.24,0.0,74.48
ORD-000919,P0116,1,41.29,0.0,41.29
ORD-000919,P0033,2,36.38,0.0,72.76
ORD-000257,P0110,1,36.01,0.0,36.01
ORD-000257,P0074,4,48.77,0.0,195.08
ORD-000980,P0052,1,58.32,0.0,58.32
ORD-000326,P0094,2,45.46,0.2,72.74
ORD-000448,P0067,5,26.88,0.1,120.96
ORD-000448,P0074,1,49.36,0.0,49.36
ORD-000711,P0109,2,39.78,0.05,75.58
ORD-000711,P0005,2,15.49,0.0,30.98
ORD-000931,P0107,1,12.71,0.0,12.71
ORD-000931,P0102,1,40.55,0.0,40.55
ORD-000057,P0074,5,49.67,0.0,248.35
ORD-000057,P0052,1,58.92,0.05,55.97
ORD-000057,P0058,1,45.42,0.2,36.34
ORD-000886,P0044,2,18.68,0.0,37.36
ORD-000092,P0086,1,23.74,0.0,23.74
ORD-000092,P0110,1,37.26,0.15,31.67
ORD-000330,P0030,5,53.09,0.0,265.45
ORD-000743,P0017,1,25.3,0.0,25.3
ORD-000743,P0112,4,45.95,0.2,147.04
ORD-000955,P0105,4,37.5,0.0,150.0
ORD-000983,P0029,1,64.53,0.0,64.53
ORD-000983,P0100,2,52.35,0.0,104.7
ORD-000983,P0003,1,25.37,0.0,25.37
ORD-000261,P0068,1,29.79,0.0,29.79
ORD-000261,P0022,2,53.08,0.1,95.54
ORD-000534,P0020,4,77.78,0.1,280.01
ORD-000534,P0070,1,49.99,0.15,42.49
ORD-000587,P0116,1,40.52,0.0,40.52
ORD-000655,P0093,4,48.16,0.0,192.64
ORD-000443,P0040,4,70.0,0.15,238.0
ORD-000443,P0027,1,35.31,0.0,35.31
ORD-000735,P0098,1,22.66,0.0,22.66
ORD-000735,P0104,2,24.16,0.0,48.32
ORD-000735,P0032,1,22.91,0.0,22.91
ORD-000869,P0093,2,51.94,0.0,103.88
ORD-000744,P0087,1,46.07,0.05,43.77
ORD-000102,P0068,2,31.01,0.0,62.02
ORD-000102,P0014,1,10.16,0.0,10.16
ORD-000206,P0020,3,78.67,0.05,224.21
ORD-000206,P0010,3,58.15,0.0,174.45
ORD-000606,P0033,1,36.0,0.1,32.4
ORD-000606,P0015,2,46.42,0.05,88.2
ORD-000606,P0081,1,27.9,0.2,22.32
ORD-000690,P0077,1,26.18,0.05,24.87
ORD-000690,P0111,3,27.91,0.0,83.73
ORD-000801,P0111,1,27.39,0.0,27.39
ORD-000801,P0099,1,42.43,0.0,42.43
ORD-000967,P0046,1,38.97,0.0,38.97
ORD-000967,P0011,1,14.74,0.05,14.0
ORD-000967,P0002,1,9.59,0.05,9.11
ORD-000085,P0108,1,35.05,0.15,29.79
ORD-000085,P0073,1,40.46,0.05,38.44
ORD-000497,P0013,4,46.3,0.05,175.94
ORD-000497,P0074,2,50.27,0.1,90.49
ORD-000497,P0016,2,27.42,0.05,52.1
ORD-000726,P0059,1,13.82,0.15,11.75
ORD-000907,P0081,1,29.76,0.0,29.76
ORD-000907,P0096,1,64.88,0.0,64.88
ORD-000907,P0100,1,51.72,0.0,51.72
ORD-000054,P0115,1,21.96,0.0,21.96
ORD-000169,P0032,1,22.05,0.2,17.64
ORD-000169,P0036,1,50.1,0.0,50.1
ORD-000169,P0058,2,46.19,0.0,92.38
ORD-000169,P0101,1,34.46,0.1,31.01
ORD-000836,P0110,1,36.95,0.1,33.26
ORD-000836,P0012,4,33.83,0.0,135.32
ORD-000836,P0043,3,26.46,0.0,79.38
ORD-001000,P0082,2,37.18,0.1,66.92
ORD-001000,P0024,1,12.19,0.0,12.19
ORD-000550,P0021,4,22.18,0.0,88.72
ORD-000747,P0117,2,16.92,0.05,32.15
ORD-000747,P0065,1,48.5,0.05,46.08
ORD-000767,P0012,2,35.47,0.05,67.39
ORD-000797,P0019,1,92.88,0.15,78.95
ORD-000797,P0092,1,47.14,0.1,42.43
ORD-000797,P0044,3,18.39,0.0,55.17
ORD-000002,P0029,1,60.96,0.0,60.96
ORD-000484,P0036,1,50.25,0.2,40.2
ORD-000484,P0004,1,24.64,0.05,23.41
ORD-000510,P0002,1,9.73,0.1,8.76
ORD-000513,P0057,1,33.73,0.0,33.73
ORD-000513,P0054,1,32.29,0.0,32.29
ORD-000620,P0116,2,41.45,0.2,66.32
ORD-000620,P0050,2,44.02,0.0,88.04
ORD-000258,P0120,1,44.43,0.05,42.21
ORD-000258,P0031,1,25.58,0.05,24.3
ORD-000258,P0041,2,21.88,0.0,43.76
ORD-000498,P0065,1,47.35,0.1,42.62
ORD-000498,P0091,1,64.91,0.05,61.66
ORD-000498,P0061,5,52.18,0.0,260.9
ORD-000734,P0108,1,35.33,0.0,35.33
ORD-000950,P0022,1,52.36,0.05,49.74
ORD-000598,P0062,1,34.53,0.0,34.53
ORD-000598,P0112,2,44.55,0.15,75.74
ORD-000598,P0091,2,66.83,0.0,133.66
ORD-000195,P0018,1,53.62,0.0,53.62
ORD-000195,P0051,2,50.05,0.0,100.1
ORD-000381,P0053,1,36.29,0.0,36.29
ORD-000381,P0019,1,94.47,0.05,89.75
ORD-000381,P0099,1,41.11,0.2,32.89
ORD-000609,P0068,2,31.34,0.0,62.68
ORD-000609,P0053,2,36.51,0.0,73.02
ORD-000176,P0084,4,24.3,0.0,97.2
ORD-000555,P0052,1,59.87,0.0,59.87
ORD-000762,P0090,1,71.03,0.0,71.03
ORD-000903,P0023,2,27.81,0.0,55.62
ORD-000113,P0052,1,57.1,0.05,54.24
ORD-000492,P0058,2,46.11,0.0,92.22
ORD-000936,P0072,2,60.6,0.0,121.2
ORD-000936,P0008,5,55.01,0.0,275.05
ORD-000098,P0103,3,35.53,0.1,95.93
ORD-000446,P0025,1,35.26,0.0,35.26
ORD-000446,P0082,3,39.35,0.05,112.15
ORD-000446,P0080,1,78.35,0.05,74.43
ORD-000446,P0064,3,51.15,0.0,153.45
ORD-000615,P0004,4,25.97,0.1,93.49
ORD-000615,P0080,1,78.61,0.15,66.82
ORD-000615,P0005,1,15.14,0.05,14.38
ORD-000717,P0013,1,47.68,0.2,38.14
ORD-000124,P0059,1,13.67,0.0,13.67
ORD-000124,P0119,1,20.87,0.0,20.87
ORD-000124,P0085,1,12.74,0.1,11.47
ORD-000519,P0052,1,55.75,0.2,44.6
ORD-000731,P0108,2,35.71,0.05,67.85
ORD-000731,P0117,3,16.29,0.05,46.43
ORD-000127,P0073,1,39.79,0.0,39.79
ORD-000127,P0074,1,49.14,0.0,49.14
ORD-000127,P0090,1,71.57,0.0,71.57
ORD-000130,P0011,1,14.62,0.0,14.62
ORD-000267,P0050,1,45.9,0.0,45.9
ORD-000267,P0040,2,66.9,0.1,120.42
ORD-000103,P0012,1,34.57,0.15,29.38
ORD-000637,P0083,2,74.76,0.0,149.52
ORD-000637,P0041,1,21.2,0.15,18.02
ORD-000830,P0106,2,39.18,0.0,78.36
ORD-000657,P0066,2,13.16,0.0,26.32
ORD-000657,P0048,4,71.94,0.05,273.37
ORD-000657,P0088,1,58.06,0.0,58.06
ORD-000686,P0002,4,9.16,0.05,34.81
ORD-000686,P0006,4,18.41,0.0,73.64
ORD-000423,P0107,5,13.15,0.0,65.75
ORD-000423,P0043,3,26.36,0.0,79.08
ORD-000423,P0023,1,27.35,0.1,24.62
ORD-000559,P0074,2,51.46,0.0,102.92
ORD-000649,P0084,1,22.93,0.1,20.64
ORD-000649,P0095,1,66.8,0.0,66.8
ORD-000649,P0117,2,16.51,0.0,33.02
ORD-000649,P0035,2,7.89,0.1,14.2
ORD-000987,P0089,1,26.46,0.0,26.46
ORD-000121,P0063,1,13.32,0.05,12.65
ORD-000121,P0009,4,38.13,0.05,144.89
ORD-000121,P0024,1,12.14,0.1,10.93
ORD-000940,P0098,1,23.89,0.1,21.5
ORD-000187,P0072,1,65.11,0.0,65.11
ORD-000187,P0109,1,38.01,0.1,34.21
ORD-000187,P0064,1,53.6,0.1,48.24
ORD-000187,P0026,1,16.35,0.0,16.35
ORD-000190,P0077,2,25.76,0.0,51.52
ORD-000233,P0099,1,40.75,0.0,40.75
ORD-000233,P0027,3,34.86,0.0,104.58
ORD-000233,P0093,1,51.77,0.0,51.77
ORD-000233,P0041,1,22.52,0.0,22.52
ORD-000253,P0081,1,29.18,0.0,29.18
ORD-000544,P0009,2,36.85,0.0,73.7
ORD-000544,P0108,1,34.49,0.0,34.49
ORD-000544,P0032,1,22.15,0.0,22.15
ORD-000032,P0093,1,48.31,0.15,41.06
ORD-000032,P0120,2,44.17,0.0,88.34
ORD-000053,P0050,2,43.5,0.0,87.0
ORD-000356,P0073,1,40.61,0.15,34.52
ORD-000356,P0070,4,48.78,0.0,195.12
ORD-000371,P0058,2,46.69,0.05,88.71
ORD-000371,P0117,1,17.5,0.0,17.5
ORD-000459,P0020,3,75.4,0.0,226.2
ORD-000459,P0059,2,14.3,0.0,28.6
ORD-000459,P0069,1,34.55,0.05,32.82
ORD-000532,P0039,1,32.36,0.05,30.74
ORD-000691,P0030,1,52.24,0.0,52.24
ORD-000691,P0052,1,59.56,0.0,59.56
ORD-000957,P0050,1,44.29,0.05,42.08
ORD-000055,P0068,1,30.07,0.0,30.07
ORD-000232,P0112,2,45.31,0.0,90.62
ORD-000370,P0111,2,26.64,0.0,53.28
ORD-000370,P0098,1,23.23,0.0,23.23
ORD-000873,P0116,3,41.68,0.05,118.79
ORD-000893,P0028,1,20.48,0.05,19.46
ORD-000917,P0056,2,66.87,0.05,127.05
ORD-000917,P0024,1,12.59,0.0,12.59
ORD-000917,P0057,1,32.19,0.1,28.97
ORD-000917,P0004,1,25.01,0.0,25.01
ORD-000074,P0017,1,25.62,0.1,23.06
ORD-000074,P0098,1,23.53,0.0,23.53
ORD-000074,P0120,1,44.39,0.0,44.39
ORD-000421,P0112,3,43.64,0.15,111.28
ORD-000421,P0007,1,17.05,0.0,17.05
ORD-000421,P0043,3,27.06,0.15,69.0
ORD-000288,P0107,1,13.03,0.0,13.03
ORD-000288,P0058,1,46.25,0.15,39.31
ORD-000516,P0054,1,33.3,0.0,33.3
ORD-000543,P0081,2,28.32,0.1,50.98
ORD-000543,P0061,1,49.3,0.15,41.9
ORD-000688,P0013,1,46.84,0.0,46.84
ORD-000688,P0097,1,46.06,0.05,43.76
ORD-000688,P0006,2,19.83,0.05,37.68
ORD-000784,P0115,1,21.4,0.05,20.33
ORD-000252,P0044,5,19.28,0.0,96.4
ORD-000572,P0039,2,33.54,0.0,67.08
ORD-000574,P0086,1,24.26,0.1,21.83
ORD-000574,P0026,1,16.83,0.0,16.83
ORD-000574,P0082,2,38.37,0.2,61.39
ORD-000574,P0042,1,27.9,0.0,27.9
ORD-000584,P0116,1,39.69,0.05,37.71
ORD-000584,P0118,2,54.58,0.2,87.33
ORD-000584,P0004,1,24.73,0.2,19.78
ORD-000584,P0063,2,13.85,0.0,27.7
ORD-000666,P0112,5,44.74,0.05,212.52
ORD-000828,P0049,1,40.63,0.0,40.63
ORD-000859,P0035,1,8.1,0.0,8.1
ORD-000859,P0090,5,68.69,0.05,326.28
ORD-000156,P0045,2,11.12,0.0,22.24
ORD-000376,P0117,1,17.07,0.1,15.36
ORD-000431,P0111,1,27.58,0.1,24.82
ORD-000431,P0066,1,12.31,0.0,12.31
ORD-000431,P0115,1,21.93,0.1,19.74
ORD-000746,P0002,2,9.66,0.05,18.35
ORD-000746,P0093,1,50.67,0.1,45.6
ORD-000746,P0095,1,66.96,0.1,60.26
ORD-000778,P0016,1,27.65,0.15,23.5
ORD-000779,P0024,4,11.86,0.1,42.7
ORD-000779,P0012,1,33.09,0.0,33.09
ORD-000779,P0092,1,45.59,0.0,45.59
ORD-000069,P0064,2,51.18,0.0,102.36
ORD-000823,P0111,1,26.93,0.0,26.93
ORD-000823,P0008,5,56.16,0.1,252.72
ORD-000916,P0025,1,36.83,0.0,36.83
ORD-000916,P0090,3,70.53,0.0,211.59
ORD-000105,P0108,2,35.28,0.0,70.56
ORD-000520,P0055,1,36.65,0.0,36.65
ORD-000766,P0114,4,60.88,0.05,231.34
ORD-000863,P0009,1,38.7,0.0,38.7
ORD-000856,P0056,2,69.64,0.0,139.28
ORD-000856,P0011,5,14.83,0.0,74.15
ORD-000022,P0118,2,56.42,0.0,112.84
ORD-000022,P0047,1,54.42,0.0,54.42
ORD-000022,P0090,2,69.0,0.0,138.0
ORD-000476,P0041,5,21.2,0.05,100.7
ORD-000476,P0070,1,47.65,0.0,47.65
ORD-000522,P0119,3,21.57,0.0,64.71
ORD-000522,P0102,3,39.27,0.0,117.81
ORD-000844,P0054,3,32.98,0.0,98.94
ORD-000844,P0004,3,24.48,0.0,73.44
ORD-000211,P0105,2,35.12,0.05,66.73
ORD-000603,P0013,1,47.19,0.0,47.19
ORD-000716,P0064,1,51.67,0.15,43.92
ORD-000970,P0030,1,52.65,0.0,52.65
ORD-000970,P0025,4,35.09,0.15,119.31
ORD-000071,P0014,1,9.76,0.0,9.76
ORD-000610,P0031,1,24.92,0.0,24.92
ORD-000927,P0040,1,70.09,0.05,66.59
ORD-000927,P0081,1,27.95,0.0,27.95
ORD-000302,P0093,1,50.92,0.0,50.92
ORD-000752,P0061,1,50.34,0.0,50.34
ORD-000752,P0009,4,38.05,0.15,129.37
ORD-000200,P0082,5,38.96,0.0,194.8
ORD-000200,P0118,1,54.88,0.0,54.88
ORD-000200,P0116,1,40.2,0.05,38.19
ORD-000702,P0030,1,53.04,0.0,53.04
ORD-000702,P0091,1,63.18,0.0,63.18
ORD-000702,P0076,1,16.71,0.05,15.87
ORD-000702,P0079,1,11.46,0.05,10.89
ORD-000186,P0094,1,47.11,0.1,42.4
ORD-000186,P0035,1,7.96,0.1,7.16
ORD-000186,P0009,1,36.73,0.05,34.89
ORD-000275,P0106,2,39.58,0.1,71.24
ORD-000803,P0063,1,14.03,0.05,13.33
ORD-000803,P0041,4,21.91,0.0,87.64
ORD-000803,P0078,2,7.73,0.0,15.46
ORD-000803,P0114,2,61.03,0.1,109.85
ORD-000997,P0105,3,35.48,0.0,106.44
ORD-000383,P0004,2,25.72,0.0,51.44
ORD-000419,P0117,1,16.68,0.0,16.68
ORD-000419,P0019,1,92.26,0.15,78.42
ORD-000469,P0026,2,16.14,0.0,32.28
ORD-000546,P0003,1,26.04,0.0,26.04
ORD-000960,P0041,3,21.52,0.0,64.56
ORD-000344,P0042,1,28.07,0.1,25.26
ORD-000540,P0037,1,63.07,0.0,63.07
ORD-000135,P0093,2,50.15,0.15,85.26
ORD-000135,P0092,1,44.03,0.0,44.03
ORD-000602,P0012,1,33.94,0.0,33.94
ORD-000602,P0097,1,46.25,0.0,46.25
ORD-000725,P0054,2,31.97,0.0,63.94
ORD-000117,P0105,1,36.82,0.1,33.14
ORD-000117,P0027,1,34.31,0.05,32.59
ORD-000117,P0058,1,46.55,0.05,44.22
ORD-000399,P0006,2,19.86,0.15,33.76
ORD-000399,P0029,1,62.38,0.0,62.38
ORD-000701,P0051,1,49.89,0.0,49.89
ORD-000701,P0003,2,25.13,0.0,50.26
ORD-000007,P0005,1,15.02,0.0,15.02
ORD-000149,P0075,1,13.95,0.0,13.95
ORD-000149,P0113,1,28.0,0.15,23.8
ORD-000272,P0037,1,61.85,0.0,61.85
ORD-000272,P0035,1,8.26,0.0,8.26
ORD-000456,P0034,1,47.48,0.0,47.48
ORD-000159,P0084,2,24.38,0.0,48.76
ORD-000589,P0050,2,45.74,0.1,82.33
ORD-000617,P0073,2,39.48,0.05,75.01
ORD-000724,P0076,2,16.2,0.0,32.4
ORD-000750,P0073,3,39.33,0.0,117.99
ORD-000750,P0114,1,60.7,0.0,60.7
ORD-000115,P0064,4,52.03,0.0,208.12
ORD-000368,P0078,1,7.63,0.0,7.63
ORD-000368,P0097,5,49.27,0.0,246.35
ORD-000368,P0022,2,54.2,0.1,97.56
ORD-000368,P0118,2,57.22,0.15,97.27
ORD-000379,P0039,1,31.58,0.0,31.58
ORD-000379,P0057,1,31.64,0.0,31.64
ORD-000379,P0049,3,39.35,0.0,118.05
ORD-000379,P0094,1,47.09,0.1,42.38
ORD-000531,P0034,1,48.54,0.2,38.83
ORD-000142,P0016,2,28.88,0.0,57.76
ORD-000142,P0118,4,55.53,0.0,222.12
ORD-000142,P0082,1,37.28,0.1,33.55
ORD-000518,P0072,1,63.65,0.0,63.65
ORD-000518,P0035,2,7.96,0.0,15.92
ORD-000729,P0004,1,25.86,0.0,25.86
ORD-000729,P0005,5,15.01,0.0,75.05
ORD-000732,P0099,3,43.11,0.05,122.86
ORD-000756,P0035,1,8.04,0.1,7.24
ORD-000941,P0058,2,47.85,0.0,95.7
ORD-000444,P0110,1,37.44,0.1,33.7
ORD-000444,P0056,2,68.8,0.0,137.6
ORD-000460,P0048,1,69.6,0.0,69.6
ORD-000824,P0048,1,67.77,0.05,64.38
ORD-000824,P0093,1,48.85,0.0,48.85
ORD-000023,P0045,1,11.35,0.05,10.78
ORD-000023,P0099,1,42.54,0.0,42.54
ORD-000521,P0078,1,7.37,0.15,6.26
ORD-000452,P0058,1,46.68,0.1,42.01
ORD-000452,P0097,1,49.5,0.2,39.6
ORD-000501,P0044,1,19.2,0.0,19.2
ORD-000677,P0018,1,54.66,0.0,54.66
ORD-000677,P0105,1,34.94,0.0,34.94
ORD-000677,P0102,1,38.17,0.0,38.17
ORD-000415,P0086,2,24.25,0.0,48.5
ORD-000415,P0022,1,54.0,0.0,54.0
ORD-000415,P0095,4,65.14,0.1,234.5
ORD-000415,P0030,1,51.1,0.0,51.1
ORD-000787,P0014,2,9.86,0.1,17.75
ORD-000787,P0029,3,61.71,0.0,185.13
ORD-000951,P0065,1,50.53,0.05,48.0
ORD-000951,P0103,1,36.07,0.0,36.07
ORD-000951,P0014,1,10.01,0.15,8.51
ORD-000248,P0003,1,24.53,0.0,24.53
ORD-000632,P0010,1,54.42,0.15,46.26
ORD-000632,P0009,2,36.02,0.05,68.44
ORD-000632,P0033,1,35.4,0.0,35.4
ORD-000772,P0118,2,56.05,0.05,106.49
ORD-000772,P0062,5,34.03,0.0,170.15
ORD-000070,P0061,3,50.4,0.0,151.2
ORD-000324,P0089,2,26.97,0.15,45.85
ORD-000393,P0004,1,25.16,0.15,21.39
ORD-000393,P0049,1,40.87,0.0,40.87
ORD-000835,P0092,4,45.32,0.05,172.22
ORD-000835,P0081,1,29.94,0.0,29.94
ORD-000932,P0100,2,51.89,0.05,98.59
ORD-000155,P0088,1,61.2,0.1,55.08
ORD-000627,P0057,1,32.95,0.0,32.95
ORD-000627,P0009,4,37.95,0.0,151.8
ORD-000627,P0065,2,49.68,0.0,99.36
ORD-000627,P0024,3,12.15,0.0,36.45
ORD-000786,P0043,1,27.77,0.15,23.6
ORD-000078,P0062,1,32.68,0.1,29.41
ORD-000727,P0116,1,40.13,0.0,40.13
ORD-000727,P0023,3,27.17,0.0,81.51
ORD-000727,P0099,2,43.45,0.15,73.87
ORD-000831,P0022,1,53.59,0.15,45.55
ORD-000066,P0057,1,32.96,0.0,32.96
ORD-000066,P0064,1,53.31,0.05,50.64
ORD-000432,P0061,1,50.61,0.05,48.08
ORD-000474,P0012,1,35.56,0.0,35.56
ORD-000514,P0118,1,57.53,0.0,57.53
ORD-000629,P0012,1,34.78,0.0,34.78
ORD-000959,P0048,1,71.37,0.0,71.37
ORD-000959,P0072,1,62.93,0.0,62.93
ORD-000959,P0034,1,45.54,0.05,43.26
ORD-000959,P0062,1,32.83,0.1,29.55
ORD-000133,P0086,1,23.76,0.0,23.76
ORD-000563,P0041,3,22.26,0.0,66.78
ORD-000563,P0118,1,55.54,0.0,55.54
ORD-000563,P0032,1,22.36,0.0,22.36
ORD-000116,P0019,3,90.99,0.1,245.67
ORD-000116,P0086,1,24.63,0.0,24.63
ORD-000116,P0017,1,25.66,0.0,25.66
ORD-000125,P0029,1,61.06,0.0,61.06
ORD-000125,P0106,3,40.27,0.0,120.81
ORD-000467,P0120,1,46.38,0.1,41.74
ORD-000467,P0048,2,67.67,0.05,128.57
ORD-000848,P0114,3,62.78,0.0,188.34
ORD-000848,P0053,1,35.76,0.0,35.76
ORD-000848,P0083,2,74.07,0.0,148.14
ORD-000010,P0100,2,50.17,0.0,100.34
ORD-000010,P0019,1,94.78,0.2,75.82
ORD-000611,P0108,1,34.52,0.0,34.52
ORD-000031,P0066,3,12.93,0.05,36.85
ORD-000031,P0063,4,13.8,0.05,52.44
ORD-000031,P0050,1,44.76,0.0,44.76
ORD-000031,P0097,1,47.3,0.0,47.3
ORD-000129,P0033,1,35.11,0.0,35.11
ORD-000129,P0081,1,28.39,0.15,24.13
ORD-000134,P0073,5,39.14,0.0,195.7
ORD-000134,P0025,2,35.43,0.05,67.32
ORD-000134,P0045,2,10.79,0.05,20.5
ORD-000136,P0103,1,35.88,0.0,35.88
ORD-000136,P0099,1,41.79,0.1,37.61
ORD-000136,P0089,2,25.49,0.05,48.43
ORD-000221,P0082,2,38.5,0.0,77.0
ORD-000221,P0032,3,22.67,0.0,68.01
ORD-000221,P0027,1,36.19,0.15,30.76
ORD-000643,P0044,1,18.86,0.0,18.86
ORD-000051,P0105,1,36.96,0.0,36.96
ORD-000051,P0071,1,28.96,0.0,28.96
ORD-000051,P0051,3,50.79,0.0,152.37
ORD-000051,P0001,1,16.77,0.05,15.93
ORD-000162,P0014,1,9.75,0.0,9.75
ORD-000162,P0061,1,51.93,0.2,41.54
ORD-000930,P0009,1,37.64,0.0,37.64
ORD-000963,P0119,1,20.02,0.05,19.02
ORD-000963,P0096,1,62.21,0.2,49.77
ORD-000963,P0088,2,58.44,0.0,116.88
ORD-000067,P0078,1,7.45,0.0,7.45
ORD-000276,P0020,2,78.72,0.0,157.44
ORD-000276,P0003,4,25.06,0.0,100.24
ORD-000276,P0071,1,27.23,0.0,27.23
ORD-000311,P0035,1,7.93,0.1,7.14
ORD-000311,P0104,1,24.58,0.0,24.58
ORD-000616,P0029,1,60.77,0.05,57.73
ORD-000809,P0111,2,26.67,0.0,53.34
ORD-000897,P0011,1,14.56,0.0,14.56
ORD-000266,P0109,1,38.98,0.0,38.98
ORD-000266,P0079,3,11.46,0.1,30.94
ORD-000266,P0097,1,47.22,0.0,47.22
ORD-000817,P0108,2,34.64,0.05,65.82
ORD-000817,P0057,2,32.96,0.0,65.92
ORD-000299,P0027,1,34.93,0.05,33.18
ORD-000299,P0028,3,19.67,0.1,53.11
ORD-000299,P0041,4,22.06,0.0,88.24
ORD-000454,P0009,2,36.06,0.0,72.12
ORD-000454,P0058,1,44.25,0.0,44.25
ORD-000482,P0055,1,36.38,0.0,36.38
ORD-000500,P0034,1,45.68,0.1,41.11
ORD-000535,P0077,2,26.13,0.2,41.81
ORD-000535,P0068,1,31.41,0.0,31.41
ORD-000250,P0012,1,33.64,0.0,33.64
ORD-000250,P0079,1,11.15,0.0,11.15
ORD-000250,P0090,1,71.16,0.0,71.16
ORD-000418,P0022,1,51.45,0.0,51.45
ORD-000669,P0084,2,24.57,0.1,44.23
ORD-000822,P0037,1,61.42,0.0,61.42
ORD-000822,P0071,1,29.02,0.05,27.57
ORD-000068,P0099,1,43.48,0.0,43.48
ORD-000110,P0060,1,50.99,0.0,50.99
ORD-000328,P0024,2,12.18,0.0,24.36
ORD-000328,P0032,1,22.67,0.0,22.67
ORD-000398,P0051,1,49.34,0.0,49.34
ORD-000398,P0018,3,55.27,0.0,165.81
ORD-000398,P0022,1,51.51,0.0,51.51
ORD-000458,P0032,1,22.31,0.0,22.31
ORD-000079,P0018,1,53.79,0.05,51.1
ORD-000079,P0001,1,16.44,0.1,14.8
ORD-000079,P0037,1,62.53,0.0,62.53
ORD-000079,P0059,2,13.88,0.1,24.98
ORD-000651,P0033,1,35.5,0.0,35.5
ORD-000804,P0104,1,24.86,0.0,24.86
ORD-000804,P0005,1,15.04,0.0,15.04
ORD-000015,P0048,1,69.68,0.05,66.2
ORD-000038,P0100,2,50.62,0.1,91.12
ORD-000310,P0096,2,63.68,0.0,127.36
ORD-000310,P0018,3,55.57,0.0,166.71
ORD-000310,P0084,1,24.27,0.0,24.27
ORD-000680,P0017,1,24.49,0.15,20.82
ORD-000913,P0119,1,20.53,0.15,17.45
ORD-000913,P0013,3,48.7,0.0,146.1
ORD-000913,P0038,1,13.18,0.0,13.18
ORD-000496,P0112,3,42.77,0.0,128.31
ORD-000366,P0065,1,50.83,0.0,50.83
ORD-000678,P0035,1,8.01,0.0,8.01
ORD-000678,P0008,1,56.8,0.1,51.12
ORD-000782,P0080,1,73.24,0.0,73.24
ORD-000782,P0042,1,28.32,0.0,28.32
ORD-000973,P0005,2,15.19,0.0,30.38
ORD-000973,P0086,1,24.59,0.15,20.9
ORD-000626,P0085,2,13.25,0.05,25.17
ORD-000650,P0098,3,22.53,0.0,67.59
ORD-000058,P0006,1,18.42,0.0,18.42
ORD-000387,P0025,1,37.01,0.0,37.01
ORD-000876,P0033,1,37.16,0.0,37.16
ORD-000876,P0118,1,56.64,0.1,50.98
ORD-000887,P0118,5,57.52,0.0,287.6
ORD-000914,P0059,2,13.62,0.05,25.88
ORD-000447,P0061,4,49.89,0.0,199.56
ORD-000965,P0105,2,35.56,0.0,71.12
ORD-000965,P0095,2,66.15,0.0,132.3
ORD-000965,P0043,1,27.57,0.1,24.81
ORD-000197,P0003,1,24.84,0.15,21.11
ORD-000273,P0093,5,48.36,0.05,229.71
ORD-000568,P0033,1,34.97,0.1,31.47
ORD-000568,P0014,3,9.7,0.15,24.73
ORD-000568,P0106,4,40.01,0.0,160.04
ORD-000799,P0052,1,57.01,0.0,57.01
ORD-000948,P0062,4,34.47,0.1,124.09
ORD-000020,P0008,2,55.66,0.0,111.32
ORD-000020,P0056,1,69.85,0.0,69.85
ORD-000020,P0052,1,59.54,0.0,59.54
ORD-000262,P0076,3,16.1,0.05,45.89
ORD-000262,P0028,1,19.32,0.0,19.32
ORD-000262,P0052,1,55.86,0.0,55.86
ORD-000262,P0056,2,64.84,0.0,129.68
ORD-000170,P0012,5,35.18,0.05,167.1
ORD-000170,P0120,5,44.16,0.0,220.8
ORD-000412,P0108,1,35.52,0.1,31.97
ORD-000486,P0074,1,48.52,0.0,48.52
ORD-000493,P0075,1,13.02,0.0,13.02
ORD-000082,P0102,1,40.98,0.0,40.98
ORD-000082,P0022,2,53.07,0.0,106.14
ORD-000082,P0115,3,21.04,0.0,63.12
ORD-000138,P0034,2,47.67,0.0,95.34
ORD-000138,P0021,2,22.84,0.0,45.68
ORD-000246,P0086,1,23.61,0.15,20.07
ORD-000246,P0021,1,22.78,0.1,20.5
ORD-000246,P0089,1,27.07,0.1,24.36
ORD-000490,P0086,1,23.03,0.0,23.03
ORD-000490,P0042,1,28.66,0.0,28.66
ORD-000490,P0027,1,35.42,0.0,35.42
ORD-000684,P0099,1,41.79,0.0,41.79
ORD-000736,P0053,4,36.25,0.05,137.75
ORD-000736,P0016,2,28.02,0.05,53.24
ORD-000838,P0084,1,23.27,0.0,23.27
ORD-000838,P0005,1,15.34,0.0,15.34
ORD-000838,P0047,1,52.97,0.05,50.32
ORD-000958,P0091,3,65.45,0.1,176.72
ORD-000307,P0091,2,68.12,0.05,129.43
ORD-000307,P0055,3,36.17,0.1,97.66
ORD-000985,P0033,1,35.72,0.2,28.58
