snapshot_date,product_id,stock_qty,stock_value
2025-07-01,P0001,34,348.5
2025-08-01,P0001,43,440.75
2025-09-01,P0001,64,656.0
2025-10-01,P0001,46,471.5
2025-11-01,P0001,74,758.5
2025-12-01,P0001,58,594.5
2026-01-01,P0001,81,830.25
2026-02-01,P0001,58,594.5
2026-03-01,P0001,61,625.25
2026-04-01,P0001,47,481.75
2026-05-01,P0001,35,358.75
2026-06-01,P0001,32,328.0
2025-07-01,P0002,167,988.64
2025-08-01,P0002,129,763.68
2025-09-01,P0002,123,728.16
2025-10-01,P0002,146,864.32
2025-11-01,P0002,152,899.84
2025-12-01,P0002,145,858.4
2026-01-01,P0002,111,657.12
2026-02-01,P0002,115,680.8
2026-03-01,P0002,123,728.16
2026-04-01,P0002,148,876.16
2026-05-01,P0002,95,562.4
2026-06-01,P0002,169,1000.48
2025-07-01,P0003,157,1882.43
2025-08-01,P0003,144,1726.56
2025-09-01,P0003,139,1666.61
2025-10-01,P0003,107,1282.93
2025-11-01,P0003,132,1582.68
2025-12-01,P0003,117,1402.83
2026-01-01,P0003,151,1810.49
2026-02-01,P0003,120,1438.8
2026-03-01,P0003,108,1294.92
2026-04-01,P0003,138,1654.62
2026-05-01,P0003,91,1091.09
2026-06-01,P0003,92,1103.08
2025-07-01,P0004,81,916.92
2025-08-01,P0004,116,1313.12
2025-09-01,P0004,112,1267.84
2025-10-01,P0004,92,1041.44
2025-11-01,P0004,66,747.12
2025-12-01,P0004,78,882.96
2026-01-01,P0004,89,1007.48
2026-02-01,P0004,57,645.24
2026-03-01,P0004,90,1018.8
2026-04-01,P0004,50,566.0
2026-05-01,P0004,32,362.24
2026-06-01,P0004,65,735.8
2025-07-01,P0005,251,2279.08
2025-08-01,P0005,230,2088.4
2025-09-01,P0005,226,2052.08
2025-10-01,P0005,217,1970.36
2025-11-01,P0005,230,2088.4
2025-12-01,P0005,240,2179.2
2026-01-01,P0005,225,2043.0
2026-02-01,P0005,242,2197.36
2026-03-01,P0005,199,1806.92
2026-04-01,P0005,177,1607.16
2026-05-01,P0005,202,1834.16
2026-06-01,P0005,218,1979.44
2025-07-01,P0006,228,2006.4
2025-08-01,P0006,243,2138.4
2025-09-01,P0006,232,2041.6
2025-10-01,P0006,232,2041.6
2025-11-01,P0006,225,1980.0
2025-12-01,P0006,241,2120.8
2026-01-01,P0006,206,1812.8
2026-02-01,P0006,247,2173.6
2026-03-01,P0006,243,2138.4
2026-04-01,P0006,210,1848.0
2026-05-01,P0006,210,1848.0
2026-06-01,P0006,218,1918.4
2025-07-01,P0007,181,1739.41
2025-08-01,P0007,176,1691.36
2025-09-01,P0007,167,1604.87
2025-10-01,P0007,161,1547.21
2025-11-01,P0007,165,1585.65
2025-12-01,P0007,159,1527.99
2026-01-01,P0007,158,1518.38
2026-02-01,P0007,179,1720.19
2026-03-01,P0007,203,1950.83
2026-04-01,P0007,158,1518.38
2026-05-01,P0007,218,2094.98
2026-06-01,P0007,217,2085.37
2025-07-01,P0008,60,1951.2
2025-08-01,P0008,67,2178.84
2025-09-01,P0008,98,3186.96
2025-10-01,P0008,77,2504.04
2025-11-01,P0008,72,2341.44
2025-12-01,P0008,65,2113.8
2026-01-01,P0008,45,1463.4
2026-02-01,P0008,70,2276.4
2026-03-01,P0008,73,2373.96
2026-04-01,P0008,78,2536.56
2026-05-01,P0008,68,2211.36
2026-06-01,P0008,69,2243.88
2025-07-01,P0009,150,2913.0
2025-08-01,P0009,131,2544.02
2025-09-01,P0009,185,3592.7
2025-10-01,P0009,135,2621.7
2025-11-01,P0009,135,2621.7
2025-12-01,P0009,124,2408.08
2026-01-01,P0009,156,3029.52
2026-02-01,P0009,161,3126.62
2026-03-01,P0009,124,2408.08
2026-04-01,P0009,156,3029.52
2026-05-01,P0009,125,2427.5
2026-06-01,P0009,151,2932.42
2025-07-01,P0010,72,1789.2
2025-08-01,P0010,67,1664.95
2025-09-01,P0010,32,795.2
2025-10-01,P0010,21,521.85
2025-11-01,P0010,49,1217.65
2025-12-01,P0010,50,1242.5
2026-01-01,P0010,38,944.3
2026-02-01,P0010,0,0.0
2026-03-01,P0010,0,0.0
2026-04-01,P0010,43,1068.55
2026-05-01,P0010,26,646.1
2026-06-01,P0010,23,571.55
2025-07-01,P0011,182,1101.1
2025-08-01,P0011,161,974.05
2025-09-01,P0011,185,1119.25
2025-10-01,P0011,147,889.35
2025-11-01,P0011,181,1095.05
2025-12-01,P0011,191,1155.55
2026-01-01,P0011,188,1137.4
2026-02-01,P0011,150,907.5
2026-03-01,P0011,212,1282.6
2026-04-01,P0011,152,919.6
2026-05-01,P0011,154,931.7
2026-06-01,P0011,212,1282.6
2025-07-01,P0012,180,3528.0
2025-08-01,P0012,196,3841.6
2025-09-01,P0012,182,3567.2
2025-10-01,P0012,168,3292.8
2025-11-01,P0012,166,3253.6
2025-12-01,P0012,183,3586.8
2026-01-01,P0012,130,2548.0
2026-02-01,P0012,198,3880.8
2026-03-01,P0012,157,3077.2
2026-04-01,P0012,158,3096.8
2026-05-01,P0012,126,2469.6
2026-06-01,P0012,166,3253.6
2025-07-01,P0013,72,1702.8
2025-08-01,P0013,71,1679.15
2025-09-01,P0013,110,2601.5
2025-10-01,P0013,108,2554.2
2025-11-01,P0013,110,2601.5
2025-12-01,P0013,69,1631.85
2026-01-01,P0013,73,1726.45
2026-02-01,P0013,46,1087.9
2026-03-01,P0013,93,2199.45
2026-04-01,P0013,83,1962.95
2026-05-01,P0013,97,2294.05
2026-06-01,P0013,96,2270.4
2025-07-01,P0014,19,110.01
2025-08-01,P0014,7,40.53
2025-09-01,P0014,4,23.16
2025-10-01,P0014,22,127.38
2025-11-01,P0014,39,225.81
2025-12-01,P0014,24,138.96
2026-01-01,P0014,0,0.0
2026-02-01,P0014,36,208.44
2026-03-01,P0014,21,121.59
2026-04-01,P0014,0,0.0
2026-05-01,P0014,0,0.0
2026-06-01,P0014,52,301.08
2025-07-01,P0015,57,1045.38
2025-08-01,P0015,69,1265.46
2025-09-01,P0015,94,1723.96
2025-10-01,P0015,108,1980.72
2025-11-01,P0015,85,1558.9
2025-12-01,P0015,69,1265.46
2026-01-01,P0015,79,1448.86
2026-02-01,P0015,74,1357.16
2026-03-01,P0015,49,898.66
2026-04-01,P0015,73,1338.82
2026-05-01,P0015,79,1448.86
2026-06-01,P0015,40,733.6
2025-07-01,P0016,60,1078.2
2025-08-01,P0016,30,539.1
2025-09-01,P0016,19,341.43
2025-10-01,P0016,22,395.34
2025-11-01,P0016,55,988.35
2025-12-01,P0016,9,161.73
2026-01-01,P0016,2,35.94
2026-02-01,P0016,55,988.35
2026-03-01,P0016,11,197.67
2026-04-01,P0016,6,107.82
2026-05-01,P0016,0,0.0
2026-06-01,P0016,42,754.74
2025-07-01,P0017,36,591.48
2025-08-01,P0017,21,345.03
2025-09-01,P0017,41,673.63
2025-10-01,P0017,70,1150.1
2025-11-01,P0017,55,903.65
2025-12-01,P0017,40,657.2
2026-01-01,P0017,31,509.33
2026-02-01,P0017,16,262.88
2026-03-01,P0017,22,361.46
2026-04-01,P0017,38,624.34
2026-05-01,P0017,41,673.63
2026-06-01,P0017,14,230.02
2025-07-01,P0018,100,2711.0
2025-08-01,P0018,112,3036.32
2025-09-01,P0018,87,2358.57
2025-10-01,P0018,79,2141.69
2025-11-01,P0018,87,2358.57
2025-12-01,P0018,78,2114.58
2026-01-01,P0018,82,2223.02
2026-02-01,P0018,88,2385.68
2026-03-01,P0018,66,1789.26
2026-04-01,P0018,45,1219.95
2026-05-01,P0018,71,1924.81
2026-06-01,P0018,79,2141.69
2025-07-01,P0019,78,3063.06
2025-08-01,P0019,117,4594.59
2025-09-01,P0019,102,4005.54
2025-10-01,P0019,64,2513.28
2025-11-01,P0019,89,3495.03
2025-12-01,P0019,63,2474.01
2026-01-01,P0019,64,2513.28
2026-02-01,P0019,40,1570.8
2026-03-01,P0019,39,1531.53
2026-04-01,P0019,35,1374.45
2026-05-01,P0019,24,942.48
2026-06-01,P0019,100,3927.0
2025-07-01,P0020,181,5744.94
2025-08-01,P0020,211,6697.14
2025-09-01,P0020,178,5649.72
2025-10-01,P0020,213,6760.62
2025-11-01,P0020,212,6728.88
2025-12-01,P0020,194,6157.56
2026-01-01,P0020,168,5332.32
2026-02-01,P0020,183,5808.42
2026-03-01,P0020,202,6411.48
2026-04-01,P0020,198,6284.52
2026-05-01,P0020,211,6697.14
2026-06-01,P0020,164,5205.36
2025-07-01,P0021,24,218.4
2025-08-01,P0021,18,163.8
2025-09-01,P0021,24,218.4
2025-10-01,P0021,0,0.0
2025-11-01,P0021,39,354.9
2025-12-01,P0021,43,391.3
2026-01-01,P0021,0,0.0
2026-02-01,P0021,0,0.0
2026-03-01,P0021,0,0.0
2026-04-01,P0021,0,0.0
2026-05-01,P0021,30,273.0
2026-06-01,P0021,0,0.0
2025-07-01,P0022,45,1075.5
2025-08-01,P0022,53,1266.7
2025-09-01,P0022,77,1840.3
2025-10-01,P0022,71,1696.9
2025-11-01,P0022,35,836.5
2025-12-01,P0022,53,1266.7
2026-01-01,P0022,59,1410.1
2026-02-01,P0022,48,1147.2
2026-03-01,P0022,35,836.5
2026-04-01,P0022,42,1003.8
2026-05-01,P0022,82,1959.8
2026-06-01,P0022,46,1099.4
2025-07-01,P0023,147,1881.6
2025-08-01,P0023,155,1984.0
2025-09-01,P0023,145,1856.0
2025-10-01,P0023,141,1804.8
2025-11-01,P0023,128,1638.4
2025-12-01,P0023,178,2278.4
2026-01-01,P0023,135,1728.0
2026-02-01,P0023,105,1344.0
2026-03-01,P0023,142,1817.6
2026-04-01,P0023,103,1318.4
2026-05-01,P0023,113,1446.4
2026-06-01,P0023,86,1100.8
2025-07-01,P0024,118,986.48
2025-08-01,P0024,87,727.32
2025-09-01,P0024,69,576.84
2025-10-01,P0024,70,585.2
2025-11-01,P0024,73,610.28
2025-12-01,P0024,109,911.24
2026-01-01,P0024,88,735.68
2026-02-01,P0024,82,685.52
2026-03-01,P0024,68,568.48
2026-04-01,P0024,97,810.92
2026-05-01,P0024,52,434.72
2026-06-01,P0024,89,744.04
2025-07-01,P0025,144,2472.48
2025-08-01,P0025,132,2266.44
2025-09-01,P0025,173,2970.41
2025-10-01,P0025,155,2661.35
2025-11-01,P0025,163,2798.71
2025-12-01,P0025,129,2214.93
2026-01-01,P0025,164,2815.88
2026-02-01,P0025,129,2214.93
2026-03-01,P0025,136,2335.12
2026-04-01,P0025,131,2249.27
2026-05-01,P0025,123,2111.91
2026-06-01,P0025,120,2060.4
2025-07-01,P0026,81,626.94
2025-08-01,P0026,74,572.76
2025-09-01,P0026,50,387.0
2025-10-01,P0026,46,356.04
2025-11-01,P0026,74,572.76
2025-12-01,P0026,47,363.78
2026-01-01,P0026,62,479.88
2026-02-01,P0026,64,495.36
2026-03-01,P0026,52,402.48
2026-04-01,P0026,69,534.06
2026-05-01,P0026,57,441.18
2026-06-01,P0026,2,15.48
2025-07-01,P0027,217,4123.0
2025-08-01,P0027,207,3933.0
2025-09-01,P0027,215,4085.0
2025-10-01,P0027,241,4579.0
2025-11-01,P0027,220,4180.0
2025-12-01,P0027,222,4218.0
2026-01-01,P0027,206,3914.0
2026-02-01,P0027,232,4408.0
2026-03-01,P0027,199,3781.0
2026-04-01,P0027,184,3496.0
2026-05-01,P0027,192,3648.0
2026-06-01,P0027,237,4503.0
2025-07-01,P0028,152,1556.48
2025-08-01,P0028,142,1454.08
2025-09-01,P0028,166,1699.84
2025-10-01,P0028,175,1792.0
2025-11-01,P0028,121,1239.04
2025-12-01,P0028,134,1372.16
2026-01-01,P0028,157,1607.68
2026-02-01,P0028,123,1259.52
2026-03-01,P0028,125,1280.0
2026-04-01,P0028,178,1822.72
2026-05-01,P0028,87,890.88
2026-06-01,P0028,133,1361.92
2025-07-01,P0029,186,4832.28
2025-08-01,P0029,224,5819.52
2025-09-01,P0029,187,4858.26
2025-10-01,P0029,184,4780.32
2025-11-01,P0029,194,5040.12
2025-12-01,P0029,200,5196.0
2026-01-01,P0029,173,4494.54
2026-02-01,P0029,191,4962.18
2026-03-01,P0029,198,5144.04
2026-04-01,P0029,165,4286.7
2026-05-01,P0029,153,3974.94
2026-06-01,P0029,185,4806.3
2025-07-01,P0030,217,4576.53
2025-08-01,P0030,230,4850.7
2025-09-01,P0030,239,5040.51
2025-10-01,P0030,194,4091.46
2025-11-01,P0030,237,4998.33
2025-12-01,P0030,230,4850.7
2026-01-01,P0030,213,4492.17
2026-02-01,P0030,247,5209.23
2026-03-01,P0030,230,4850.7
2026-04-01,P0030,244,5145.96
2026-05-01,P0030,221,4660.89
2026-06-01,P0030,222,4681.98
2025-07-01,P0031,49,552.23
2025-08-01,P0031,27,304.29
2025-09-01,P0031,34,383.18
2025-10-01,P0031,29,326.83
2025-11-01,P0031,31,349.37
2025-12-01,P0031,50,563.5
2026-01-01,P0031,22,247.94
2026-02-01,P0031,27,304.29
2026-03-01,P0031,64,721.28
2026-04-01,P0031,21,236.67
2026-05-01,P0031,0,0.0
2026-06-01,P0031,23,259.21
2025-07-01,P0032,91,1342.25
2025-08-01,P0032,48,708.0
2025-09-01,P0032,31,457.25
2025-10-01,P0032,47,693.25
2025-11-01,P0032,87,1283.25
2025-12-01,P0032,46,678.5
2026-01-01,P0032,39,575.25
2026-02-01,P0032,7,103.25
2026-03-01,P0032,59,870.25
2026-04-01,P0032,69,1017.75
2026-05-01,P0032,41,604.75
2026-06-01,P0032,30,442.5
2025-07-01,P0033,70,1099.0
2025-08-01,P0033,93,1460.1
2025-09-01,P0033,90,1413.0
2025-10-01,P0033,71,1114.7
2025-11-01,P0033,91,1428.7
2025-12-01,P0033,95,1491.5
2026-01-01,P0033,59,926.3
2026-02-01,P0033,40,628.0
2026-03-01,P0033,70,1099.0
2026-04-01,P0033,72,1130.4
2026-05-01,P0033,60,942.0
2026-06-01,P0033,53,832.1
2025-07-01,P0034,200,4452.0
2025-08-01,P0034,193,4296.18
2025-09-01,P0034,216,4808.16
2025-10-01,P0034,214,4763.64
2025-11-01,P0034,230,5119.8
2025-12-01,P0034,182,4051.32
2026-01-01,P0034,193,4296.18
2026-02-01,P0034,190,4229.4
2026-03-01,P0034,191,4251.66
2026-04-01,P0034,209,4652.34
2026-05-01,P0034,208,4630.08
2026-06-01,P0034,199,4429.74
2025-07-01,P0035,173,870.19
2025-08-01,P0035,141,709.23
2025-09-01,P0035,156,784.68
2025-10-01,P0035,161,809.83
2025-11-01,P0035,140,704.2
2025-12-01,P0035,127,638.81
2026-01-01,P0035,114,573.42
2026-02-01,P0035,182,915.46
2026-03-01,P0035,119,598.57
2026-04-01,P0035,122,613.66
2026-05-01,P0035,140,704.2
2026-06-01,P0035,160,804.8
2025-07-01,P0036,150,4252.5
2025-08-01,P0036,151,4280.85
2025-09-01,P0036,147,4167.45
2025-10-01,P0036,175,4961.25
2025-11-01,P0036,197,5584.95
2025-12-01,P0036,163,4621.05
2026-01-01,P0036,138,3912.3
2026-02-01,P0036,145,4110.75
2026-03-01,P0036,182,5159.7
2026-04-01,P0036,110,3118.5
2026-05-01,P0036,114,3231.9
2026-06-01,P0036,146,4139.1
2025-07-01,P0037,59,1437.83
2025-08-01,P0037,106,2583.22
2025-09-01,P0037,90,2193.3
2025-10-01,P0037,59,1437.83
2025-11-01,P0037,91,2217.67
2025-12-01,P0037,57,1389.09
2026-01-01,P0037,90,2193.3
2026-02-01,P0037,58,1413.46
2026-03-01,P0037,45,1096.65
2026-04-01,P0037,55,1340.35
2026-05-01,P0037,28,682.36
2026-06-01,P0037,76,1852.12
2025-07-01,P0038,81,573.48
2025-08-01,P0038,69,488.52
2025-09-01,P0038,27,191.16
2025-10-01,P0038,27,191.16
2025-11-01,P0038,58,410.64
2025-12-01,P0038,32,226.56
2026-01-01,P0038,46,325.68
2026-02-01,P0038,0,0.0
2026-03-01,P0038,62,438.96
2026-04-01,P0038,50,354.0
2026-05-01,P0038,53,375.24
2026-06-01,P0038,62,438.96
2025-07-01,P0039,4,62.84
2025-08-01,P0039,51,801.21
2025-09-01,P0039,41,644.11
2025-10-01,P0039,46,722.66
2025-11-01,P0039,37,581.27
2025-12-01,P0039,3,47.13
2026-01-01,P0039,16,251.36
2026-02-01,P0039,15,235.65
2026-03-01,P0039,13,204.23
2026-04-01,P0039,39,612.69
2026-05-01,P0039,0,0.0
2026-06-01,P0039,0,0.0
2025-07-01,P0040,207,9335.7
2025-08-01,P0040,247,11139.7
2025-09-01,P0040,238,10733.8
2025-10-01,P0040,189,8523.9
2025-11-01,P0040,232,10463.2
2025-12-01,P0040,177,7982.7
2026-01-01,P0040,198,8929.8
2026-02-01,P0040,200,9020.0
2026-03-01,P0040,244,11004.4
2026-04-01,P0040,215,9696.5
2026-05-01,P0040,222,10012.2
2026-06-01,P0040,227,10237.7
2025-07-01,P0041,71,773.9
2025-08-01,P0041,94,1024.6
2025-09-01,P0041,89,970.1
2025-10-01,P0041,85,926.5
2025-11-01,P0041,83,904.7
2025-12-01,P0041,72,784.8
2026-01-01,P0041,110,1199.0
2026-02-01,P0041,63,686.7
2026-03-01,P0041,97,1057.3
2026-04-01,P0041,57,621.3
2026-05-01,P0041,111,1209.9
2026-06-01,P0041,48,523.2
2025-07-01,P0042,117,1436.76
2025-08-01,P0042,139,1706.92
2025-09-01,P0042,116,1424.48
2025-10-01,P0042,153,1878.84
2025-11-01,P0042,95,1166.6
2025-12-01,P0042,126,1547.28
2026-01-01,P0042,127,1559.56
2026-02-01,P0042,141,1731.48
2026-03-01,P0042,104,1277.12
2026-04-01,P0042,125,1535.0
2026-05-01,P0042,92,1129.76
2026-06-01,P0042,91,1117.48
2025-07-01,P0043,127,2075.18
2025-08-01,P0043,103,1683.02
2025-09-01,P0043,96,1568.64
2025-10-01,P0043,120,1960.8
2025-11-01,P0043,103,1683.02
2025-12-01,P0043,133,2173.22
2026-01-01,P0043,102,1666.68
2026-02-01,P0043,136,2222.24
2026-03-01,P0043,109,1781.06
2026-04-01,P0043,70,1143.8
2026-05-01,P0043,53,866.02
2026-06-01,P0043,136,2222.24
2025-07-01,P0044,185,1443.0
2025-08-01,P0044,180,1404.0
2025-09-01,P0044,164,1279.2
2025-10-01,P0044,181,1411.8
2025-11-01,P0044,178,1388.4
2025-12-01,P0044,184,1435.2
2026-01-01,P0044,205,1599.0
2026-02-01,P0044,176,1372.8
2026-03-01,P0044,164,1279.2
2026-04-01,P0044,173,1349.4
2026-05-01,P0044,156,1216.8
2026-06-01,P0044,159,1240.2
2025-07-01,P0045,114,730.74
2025-08-01,P0045,67,429.47
2025-09-01,P0045,71,455.11
2025-10-01,P0045,58,371.78
2025-11-01,P0045,76,487.16
2025-12-01,P0045,53,339.73
2026-01-01,P0045,73,467.93
2026-02-01,P0045,44,282.04
2026-03-01,P0045,42,269.22
2026-04-01,P0045,66,423.06
2026-05-01,P0045,38,243.58
2026-06-01,P0045,42,269.22
2025-07-01,P0046,226,3878.16
2025-08-01,P0046,206,3534.96
2025-09-01,P0046,176,3020.16
2025-10-01,P0046,192,3294.72
2025-11-01,P0046,167,2865.72
2025-12-01,P0046,177,3037.32
2026-01-01,P0046,204,3500.64
2026-02-01,P0046,182,3123.12
2026-03-01,P0046,156,2676.96
2026-04-01,P0046,152,2608.32
2026-05-01,P0046,164,2814.24
2026-06-01,P0046,165,2831.4
2025-07-01,P0047,201,5999.85
2025-08-01,P0047,200,5970.0
2025-09-01,P0047,181,5402.85
2025-10-01,P0047,193,5761.05
2025-11-01,P0047,182,5432.7
2025-12-01,P0047,203,6059.55
2026-01-01,P0047,212,6328.2
2026-02-01,P0047,202,6029.7
2026-03-01,P0047,172,5134.2
2026-04-01,P0047,213,6358.05
2026-05-01,P0047,157,4686.45
2026-06-01,P0047,237,7074.45
2025-07-01,P0048,229,8873.75
2025-08-01,P0048,242,9377.5
2025-09-01,P0048,211,8176.25
2025-10-01,P0048,247,9571.25
2025-11-01,P0048,245,9493.75
2025-12-01,P0048,260,10075.0
2026-01-01,P0048,198,7672.5
2026-02-01,P0048,248,9610.0
2026-03-01,P0048,211,8176.25
2026-04-01,P0048,210,8137.5
2026-05-01,P0048,189,7323.75
2026-06-01,P0048,194,7517.5
2025-07-01,P0049,99,2443.32
2025-08-01,P0049,40,987.2
2025-09-01,P0049,43,1061.24
2025-10-01,P0049,62,1530.16
2025-11-01,P0049,62,1530.16
2025-12-01,P0049,89,2196.52
2026-01-01,P0049,52,1283.36
2026-02-01,P0049,68,1678.24
2026-03-01,P0049,76,1875.68
2026-04-01,P0049,84,2073.12
2026-05-01,P0049,90,2221.2
2026-06-01,P0049,56,1382.08
2025-07-01,P0050,181,4369.34
2025-08-01,P0050,169,4079.66
2025-09-01,P0050,186,4490.04
2025-10-01,P0050,143,3452.02
2025-11-01,P0050,133,3210.62
2025-12-01,P0050,151,3645.14
2026-01-01,P0050,110,2655.4
2026-02-01,P0050,167,4031.38
2026-03-01,P0050,123,2969.22
2026-04-01,P0050,135,3258.9
2026-05-01,P0050,120,2896.8
2026-06-01,P0050,141,3403.74
2025-07-01,P0051,63,1455.93
2025-08-01,P0051,58,1340.38
2025-09-01,P0051,58,1340.38
2025-10-01,P0051,55,1271.05
2025-11-01,P0051,45,1039.95
2025-12-01,P0051,91,2103.01
2026-01-01,P0051,95,2195.45
2026-02-01,P0051,101,2334.11
2026-03-01,P0051,55,1271.05
2026-04-01,P0051,59,1363.49
2026-05-01,P0051,39,901.29
2026-06-01,P0051,24,554.64
2025-07-01,P0052,203,4819.22
2025-08-01,P0052,195,4629.3
2025-09-01,P0052,206,4890.44
2025-10-01,P0052,233,5531.42
2025-11-01,P0052,216,5127.84
2025-12-01,P0052,193,4581.82
2026-01-01,P0052,203,4819.22
2026-02-01,P0052,186,4415.64
2026-03-01,P0052,208,4937.92
2026-04-01,P0052,171,4059.54
2026-05-01,P0052,250,5935.0
2026-06-01,P0052,242,5745.08
2025-07-01,P0053,64,1084.16
2025-08-01,P0053,60,1016.4
2025-09-01,P0053,43,728.42
2025-10-01,P0053,40,677.6
2025-11-01,P0053,29,491.26
2025-12-01,P0053,55,931.7
2026-01-01,P0053,41,694.54
2026-02-01,P0053,34,575.96
2026-03-01,P0053,16,271.04
2026-04-01,P0053,18,304.92
2026-05-01,P0053,68,1151.92
2026-06-01,P0053,67,1134.98
2025-07-01,P0054,151,2065.68
2025-08-01,P0054,191,2612.88
2025-09-01,P0054,144,1969.92
2025-10-01,P0054,141,1928.88
2025-11-01,P0054,178,2435.04
2025-12-01,P0054,135,1846.8
2026-01-01,P0054,157,2147.76
2026-02-01,P0054,140,1915.2
2026-03-01,P0054,165,2257.2
2026-04-01,P0054,116,1586.88
2026-05-01,P0054,123,1682.64
2026-06-01,P0054,97,1326.96
2025-07-01,P0055,101,2246.24
2025-08-01,P0055,143,3180.32
2025-09-01,P0055,122,2713.28
2025-10-01,P0055,134,2980.16
2025-11-01,P0055,109,2424.16
2025-12-01,P0055,95,2112.8
2026-01-01,P0055,139,3091.36
2026-02-01,P0055,152,3380.48
2026-03-01,P0055,124,2757.76
2026-04-01,P0055,105,2335.2
2026-05-01,P0055,119,2646.56
2026-06-01,P0055,113,2513.12
2025-07-01,P0056,66,2318.58
2025-08-01,P0056,82,2880.66
2025-09-01,P0056,73,2564.49
2025-10-01,P0056,86,3021.18
2025-11-01,P0056,88,3091.44
2025-12-01,P0056,59,2072.67
2026-01-01,P0056,74,2599.62
2026-02-01,P0056,55,1932.15
2026-03-01,P0056,58,2037.54
2026-04-01,P0056,75,2634.75
2026-05-01,P0056,46,1615.98
2026-06-01,P0056,58,2037.54
2025-07-01,P0057,101,1804.87
2025-08-01,P0057,84,1501.08
2025-09-01,P0057,96,1715.52
2025-10-01,P0057,109,1947.83
2025-11-01,P0057,114,2037.18
2025-12-01,P0057,93,1661.91
2026-01-01,P0057,89,1590.43
2026-02-01,P0057,71,1268.77
2026-03-01,P0057,66,1179.42
2026-04-01,P0057,120,2144.4
2026-05-01,P0057,109,1947.83
2026-06-01,P0057,62,1107.94
2025-07-01,P0058,123,2950.77
2025-08-01,P0058,141,3382.59
2025-09-01,P0058,90,2159.1
2025-10-01,P0058,140,3358.6
2025-11-01,P0058,83,1991.17
2025-12-01,P0058,89,2135.11
2026-01-01,P0058,145,3478.55
2026-02-01,P0058,91,2183.09
2026-03-01,P0058,151,3622.49
2026-04-01,P0058,120,2878.8
2026-05-01,P0058,89,2135.11
2026-06-01,P0058,77,1847.23
2025-07-01,P0059,69,466.44
2025-08-01,P0059,40,270.4
2025-09-01,P0059,54,365.04
2025-10-01,P0059,15,101.4
2025-11-01,P0059,60,405.6
2025-12-01,P0059,18,121.68
2026-01-01,P0059,60,405.6
2026-02-01,P0059,19,128.44
2026-03-01,P0059,39,263.64
2026-04-01,P0059,42,283.92
2026-05-01,P0059,9,60.84
2026-06-01,P0059,0,0.0
2025-07-01,P0060,147,4618.74
2025-08-01,P0060,178,5592.76
2025-09-01,P0060,160,5027.2
2025-10-01,P0060,179,5624.18
2025-11-01,P0060,176,5529.92
2025-12-01,P0060,164,5152.88
2026-01-01,P0060,129,4053.18
2026-02-01,P0060,143,4493.06
2026-03-01,P0060,140,4398.8
2026-04-01,P0060,176,5529.92
2026-05-01,P0060,151,4744.42
2026-06-01,P0060,158,4964.36
2025-07-01,P0061,101,2361.38
2025-08-01,P0061,107,2501.66
2025-09-01,P0061,107,2501.66
2025-10-01,P0061,112,2618.56
2025-11-01,P0061,108,2525.04
2025-12-01,P0061,90,2104.2
2026-01-01,P0061,111,2595.18
2026-02-01,P0061,86,2010.68
2026-03-01,P0061,89,2080.82
2026-04-01,P0061,43,1005.34
2026-05-01,P0061,75,1753.5
2026-06-01,P0061,71,1659.98
2025-07-01,P0062,37,711.88
2025-08-01,P0062,29,557.96
2025-09-01,P0062,27,519.48
2025-10-01,P0062,44,846.56
2025-11-01,P0062,42,808.08
2025-12-01,P0062,0,0.0
2026-01-01,P0062,10,192.4
2026-02-01,P0062,23,442.52
2026-03-01,P0062,0,0.0
2026-04-01,P0062,41,788.84
2026-05-01,P0062,0,0.0
2026-06-01,P0062,0,0.0
2025-07-01,P0063,194,1332.78
2025-08-01,P0063,199,1367.13
2025-09-01,P0063,184,1264.08
2025-10-01,P0063,194,1332.78
2025-11-01,P0063,156,1071.72
2025-12-01,P0063,175,1202.25
2026-01-01,P0063,178,1222.86
2026-02-01,P0063,166,1140.42
2026-03-01,P0063,157,1078.59
2026-04-01,P0063,175,1202.25
2026-05-01,P0063,119,817.53
2026-06-01,P0063,161,1106.07
2025-07-01,P0064,182,4302.48
2025-08-01,P0064,166,3924.24
2025-09-01,P0064,164,3876.96
2025-10-01,P0064,144,3404.16
2025-11-01,P0064,137,3238.68
2025-12-01,P0064,128,3025.92
2026-01-01,P0064,109,2576.76
2026-02-01,P0064,123,2907.72
2026-03-01,P0064,163,3853.32
2026-04-01,P0064,134,3167.76
2026-05-01,P0064,128,3025.92
2026-06-01,P0064,174,4113.36
2025-07-01,P0065,119,2638.23
2025-08-01,P0065,116,2571.72
2025-09-01,P0065,87,1928.79
2025-10-01,P0065,105,2327.85
2025-11-01,P0065,80,1773.6
2025-12-01,P0065,114,2527.38
2026-01-01,P0065,87,1928.79
2026-02-01,P0065,58,1285.86
2026-03-01,P0065,110,2438.7
2026-04-01,P0065,72,1596.24
2026-05-01,P0065,21,465.57
2026-06-01,P0065,87,1928.79
2025-07-01,P0066,199,1442.75
2025-08-01,P0066,216,1566.0
2025-09-01,P0066,192,1392.0
2025-10-01,P0066,221,1602.25
2025-11-01,P0066,186,1348.5
2025-12-01,P0066,208,1508.0
2026-01-01,P0066,179,1297.75
2026-02-01,P0066,173,1254.25
2026-03-01,P0066,154,1116.5
2026-04-01,P0066,221,1602.25
2026-05-01,P0066,219,1587.75
2026-06-01,P0066,238,1725.5
2025-07-01,P0067,109,1351.6
2025-08-01,P0067,89,1103.6
2025-09-01,P0067,119,1475.6
2025-10-01,P0067,113,1401.2
2025-11-01,P0067,104,1289.6
2025-12-01,P0067,113,1401.2
2026-01-01,P0067,84,1041.6
2026-02-01,P0067,117,1450.8
2026-03-01,P0067,77,954.8
2026-04-01,P0067,65,806.0
2026-05-01,P0067,105,1302.0
2026-06-01,P0067,44,545.6
2025-07-01,P0068,128,2321.92
2025-08-01,P0068,111,2013.54
2025-09-01,P0068,132,2394.48
2025-10-01,P0068,142,2575.88
2025-11-01,P0068,76,1378.64
2025-12-01,P0068,107,1940.98
2026-01-01,P0068,68,1233.52
2026-02-01,P0068,110,1995.4
2026-03-01,P0068,93,1687.02
2026-04-01,P0068,107,1940.98
2026-05-01,P0068,72,1306.08
2026-06-01,P0068,113,2049.82
2025-07-01,P0069,112,1564.64
2025-08-01,P0069,106,1480.82
2025-09-01,P0069,76,1061.72
2025-10-01,P0069,65,908.05
2025-11-01,P0069,88,1229.36
2025-12-01,P0069,93,1299.21
2026-01-01,P0069,46,642.62
2026-02-01,P0069,61,852.17
2026-03-01,P0069,104,1452.88
2026-04-01,P0069,80,1117.6
2026-05-01,P0069,59,824.23
2026-06-01,P0069,57,796.29
2025-07-01,P0070,144,2836.8
2025-08-01,P0070,130,2561.0
2025-09-01,P0070,109,2147.3
2025-10-01,P0070,150,2955.0
2025-11-01,P0070,134,2639.8
2025-12-01,P0070,110,2167.0
2026-01-01,P0070,142,2797.4
2026-02-01,P0070,130,2561.0
2026-03-01,P0070,127,2501.9
2026-04-01,P0070,109,2147.3
2026-05-01,P0070,90,1773.0
2026-06-01,P0070,65,1280.5
2025-07-01,P0071,177,2256.75
2025-08-01,P0071,173,2205.75
2025-09-01,P0071,198,2524.5
2025-10-01,P0071,199,2537.25
2025-11-01,P0071,180,2295.0
2025-12-01,P0071,174,2218.5
2026-01-01,P0071,203,2588.25
2026-02-01,P0071,180,2295.0
2026-03-01,P0071,185,2358.75
2026-04-01,P0071,179,2282.25
2026-05-01,P0071,138,1759.5
2026-06-01,P0071,131,1670.25
2025-07-01,P0072,34,958.8
2025-08-01,P0072,53,1494.6
2025-09-01,P0072,67,1889.4
2025-10-01,P0072,48,1353.6
2025-11-01,P0072,50,1410.0
2025-12-01,P0072,39,1099.8
2026-01-01,P0072,31,874.2
2026-02-01,P0072,41,1156.2
2026-03-01,P0072,52,1466.4
2026-04-01,P0072,0,0.0
2026-05-01,P0072,26,733.2
2026-06-01,P0072,62,1748.4
2025-07-01,P0073,155,3854.85
2025-08-01,P0073,144,3581.28
2025-09-01,P0073,198,4924.26
2025-10-01,P0073,185,4600.95
2025-11-01,P0073,173,4302.51
2025-12-01,P0073,184,4576.08
2026-01-01,P0073,171,4252.77
2026-02-01,P0073,129,3208.23
2026-03-01,P0073,159,3954.33
2026-04-01,P0073,133,3307.71
2026-05-01,P0073,118,2934.66
2026-06-01,P0073,125,3108.75
2025-07-01,P0074,147,3980.76
2025-08-01,P0074,142,3845.36
2025-09-01,P0074,137,3709.96
2025-10-01,P0074,145,3926.6
2025-11-01,P0074,131,3547.48
2025-12-01,P0074,128,3466.24
2026-01-01,P0074,135,3655.8
2026-02-01,P0074,132,3574.56
2026-03-01,P0074,113,3060.04
2026-04-01,P0074,165,4468.2
2026-05-01,P0074,160,4332.8
2026-06-01,P0074,133,3601.64
2025-07-01,P0075,174,958.74
2025-08-01,P0075,205,1129.55
2025-09-01,P0075,162,892.62
2025-10-01,P0075,172,947.72
2025-11-01,P0075,204,1124.04
2025-12-01,P0075,163,898.13
2026-01-01,P0075,198,1090.98
2026-02-01,P0075,155,854.05
2026-03-01,P0075,167,920.17
2026-04-01,P0075,186,1024.86
2026-05-01,P0075,192,1057.92
2026-06-01,P0075,169,931.19
2025-07-01,P0076,113,1218.14
2025-08-01,P0076,141,1519.98
2025-09-01,P0076,124,1336.72
2025-10-01,P0076,146,1573.88
2025-11-01,P0076,151,1627.78
2025-12-01,P0076,144,1552.32
2026-01-01,P0076,129,1390.62
2026-02-01,P0076,97,1045.66
2026-03-01,P0076,95,1024.1
2026-04-01,P0076,111,1196.58
2026-05-01,P0076,116,1250.48
2026-06-01,P0076,127,1369.06
2025-07-01,P0077,83,1137.1
2025-08-01,P0077,96,1315.2
2025-09-01,P0077,108,1479.6
2025-10-01,P0077,71,972.7
2025-11-01,P0077,89,1219.3
2025-12-01,P0077,49,671.3
2026-01-01,P0077,84,1150.8
2026-02-01,P0077,69,945.3
2026-03-01,P0077,57,780.9
2026-04-01,P0077,59,808.3
2026-05-01,P0077,98,1342.6
2026-06-01,P0077,95,1301.5
2025-07-01,P0078,172,829.04
2025-08-01,P0078,153,737.46
2025-09-01,P0078,116,559.12
2025-10-01,P0078,126,607.32
2025-11-01,P0078,141,679.62
2025-12-01,P0078,110,530.2
2026-01-01,P0078,142,684.44
2026-02-01,P0078,146,703.72
2026-03-01,P0078,130,626.6
2026-04-01,P0078,127,612.14
2026-05-01,P0078,138,665.16
2026-06-01,P0078,135,650.7
2025-07-01,P0079,220,1144.0
2025-08-01,P0079,221,1149.2
2025-09-01,P0079,252,1310.4
2025-10-01,P0079,205,1066.0
2025-11-01,P0079,241,1253.2
2025-12-01,P0079,232,1206.4
2026-01-01,P0079,221,1149.2
2026-02-01,P0079,221,1149.2
2026-03-01,P0079,253,1315.6
2026-04-01,P0079,192,998.4
2026-05-01,P0079,203,1055.6
2026-06-01,P0079,197,1024.4
2025-07-01,P0080,129,5074.86
2025-08-01,P0080,108,4248.72
2025-09-01,P0080,124,4878.16
2025-10-01,P0080,98,3855.32
2025-11-01,P0080,147,5782.98
2025-12-01,P0080,104,4091.36
2026-01-01,P0080,131,5153.54
2026-02-01,P0080,159,6255.06
2026-03-01,P0080,127,4996.18
2026-04-01,P0080,92,3619.28
2026-05-01,P0080,113,4445.42
2026-06-01,P0080,135,5310.9
2025-07-01,P0081,55,1084.6
2025-08-01,P0081,61,1202.92
2025-09-01,P0081,82,1617.04
2025-10-01,P0081,37,729.64
2025-11-01,P0081,64,1262.08
2025-12-01,P0081,64,1262.08
2026-01-01,P0081,78,1538.16
2026-02-01,P0081,54,1064.88
2026-03-01,P0081,7,138.04
2026-04-01,P0081,30,591.6
2026-05-01,P0081,67,1321.24
2026-06-01,P0081,87,1715.64
2025-07-01,P0082,169,2979.47
2025-08-01,P0082,128,2256.64
2025-09-01,P0082,132,2327.16
2025-10-01,P0082,155,2732.65
2025-11-01,P0082,141,2485.83
2025-12-01,P0082,110,1939.3
2026-01-01,P0082,141,2485.83
2026-02-01,P0082,142,2503.46
2026-03-01,P0082,137,2415.31
2026-04-01,P0082,119,2097.97
2026-05-01,P0082,126,2221.38
2026-06-01,P0082,102,1798.26
2025-07-01,P0083,9,317.61
2025-08-01,P0083,0,0.0
2025-09-01,P0083,50,1764.5
2025-10-01,P0083,22,776.38
2025-11-01,P0083,41,1446.89
2025-12-01,P0083,21,741.09
2026-01-01,P0083,0,0.0
2026-02-01,P0083,2,70.58
2026-03-01,P0083,27,952.83
2026-04-01,P0083,13,458.77
2026-05-01,P0083,30,1058.7
2026-06-01,P0083,0,0.0
2025-07-01,P0084,135,1659.15
2025-08-01,P0084,116,1425.64
2025-09-01,P0084,106,1302.74
2025-10-01,P0084,70,860.3
2025-11-01,P0084,78,958.62
2025-12-01,P0084,88,1081.52
2026-01-01,P0084,97,1192.13
2026-02-01,P0084,92,1130.68
2026-03-01,P0084,132,1622.28
2026-04-01,P0084,80,983.2
2026-05-01,P0084,109,1339.61
2026-06-01,P0084,92,1130.68
2025-07-01,P0085,89,639.02
2025-08-01,P0085,80,574.4
2025-09-01,P0085,83,595.94
2025-10-01,P0085,74,531.32
2025-11-01,P0085,66,473.88
2025-12-01,P0085,79,567.22
2026-01-01,P0085,54,387.72
2026-02-01,P0085,104,746.72
2026-03-01,P0085,94,674.92
2026-04-01,P0085,56,402.08
2026-05-01,P0085,67,481.06
2026-06-01,P0085,42,301.56
2025-07-01,P0086,162,2204.82
2025-08-01,P0086,164,2232.04
2025-09-01,P0086,177,2408.97
2025-10-01,P0086,158,2150.38
2025-11-01,P0086,151,2055.11
2025-12-01,P0086,171,2327.31
2026-01-01,P0086,178,2422.58
2026-02-01,P0086,123,1674.03
2026-03-01,P0086,159,2163.99
2026-04-01,P0086,117,1592.37
2026-05-01,P0086,83,1129.63
2026-06-01,P0086,143,1946.23
2025-07-01,P0087,202,4775.28
2025-08-01,P0087,189,4467.96
2025-09-01,P0087,170,4018.8
2025-10-01,P0087,206,4869.84
2025-11-01,P0087,192,4538.88
2025-12-01,P0087,203,4798.92
2026-01-01,P0087,140,3309.6
2026-02-01,P0087,210,4964.4
2026-03-01,P0087,193,4562.52
2026-04-01,P0087,148,3498.72
2026-05-01,P0087,188,4444.32
2026-06-01,P0087,179,4231.56
2025-07-01,P0088,142,4788.24
2025-08-01,P0088,183,6170.76
2025-09-01,P0088,146,4923.12
2025-10-01,P0088,171,5766.12
2025-11-01,P0088,169,5698.68
2025-12-01,P0088,151,5091.72
2026-01-01,P0088,145,4889.4
2026-02-01,P0088,123,4147.56
2026-03-01,P0088,141,4754.52
2026-04-01,P0088,150,5058.0
2026-05-01,P0088,142,4788.24
2026-06-01,P0088,118,3978.96
2025-07-01,P0089,81,1227.96
2025-08-01,P0089,80,1212.8
2025-09-01,P0089,68,1030.88
2025-10-01,P0089,89,1349.24
2025-11-01,P0089,98,1485.68
2025-12-01,P0089,105,1591.8
2026-01-01,P0089,117,1773.72
2026-02-01,P0089,118,1788.88
2026-03-01,P0089,72,1091.52
2026-04-01,P0089,58,879.28
2026-05-01,P0089,85,1288.6
2026-06-01,P0089,86,1303.76
2025-07-01,P0090,213,6939.54
2025-08-01,P0090,177,5766.66
2025-09-01,P0090,214,6972.12
2025-10-01,P0090,207,6744.06
2025-11-01,P0090,173,5636.34
2025-12-01,P0090,189,6157.62
2026-01-01,P0090,200,6516.0
2026-02-01,P0090,167,5440.86
2026-03-01,P0090,144,4691.52
2026-04-01,P0090,166,5408.28
2026-05-01,P0090,163,5310.54
2026-06-01,P0090,165,5375.7
2025-07-01,P0091,95,2515.6
2025-08-01,P0091,140,3707.2
2025-09-01,P0091,87,2303.76
2025-10-01,P0091,125,3310.0
2025-11-01,P0091,104,2753.92
2025-12-01,P0091,65,1721.2
2026-01-01,P0091,96,2542.08
2026-02-01,P0091,84,2224.32
2026-03-01,P0091,111,2939.28
2026-04-01,P0091,109,2886.32
2026-05-01,P0091,108,2859.84
2026-06-01,P0091,104,2753.92
2025-07-01,P0092,235,6596.45
2025-08-01,P0092,242,6792.94
2025-09-01,P0092,206,5782.42
2025-10-01,P0092,198,5557.86
2025-11-01,P0092,216,6063.12
2025-12-01,P0092,174,4884.18
2026-01-01,P0092,200,5614.0
2026-02-01,P0092,196,5501.72
2026-03-01,P0092,190,5333.3
2026-04-01,P0092,213,5978.91
2026-05-01,P0092,185,5192.95
2026-06-01,P0092,170,4771.9
2025-07-01,P0093,117,2699.19
2025-08-01,P0093,97,2237.79
2025-09-01,P0093,81,1868.67
2025-10-01,P0093,84,1937.88
2025-11-01,P0093,99,2283.93
2025-12-01,P0093,90,2076.3
2026-01-01,P0093,109,2514.63
2026-02-01,P0093,86,1984.02
2026-03-01,P0093,92,2122.44
2026-04-01,P0093,48,1107.36
2026-05-01,P0093,71,1637.97
2026-06-01,P0093,108,2491.56
2025-07-01,P0094,230,5227.9
2025-08-01,P0094,246,5591.58
2025-09-01,P0094,208,4727.84
2025-10-01,P0094,246,5591.58
2025-11-01,P0094,224,5091.52
2025-12-01,P0094,206,4682.38
2026-01-01,P0094,231,5250.63
2026-02-01,P0094,251,5705.23
2026-03-01,P0094,208,4727.84
2026-04-01,P0094,255,5796.15
2026-05-01,P0094,222,5046.06
2026-06-01,P0094,184,4182.32
2025-07-01,P0095,69,1829.88
2025-08-01,P0095,75,1989.0
2025-09-01,P0095,37,981.24
2025-10-01,P0095,65,1723.8
2025-11-01,P0095,54,1432.08
2025-12-01,P0095,23,609.96
2026-01-01,P0095,80,2121.6
2026-02-01,P0095,67,1776.84
2026-03-01,P0095,24,636.48
2026-04-01,P0095,54,1432.08
2026-05-01,P0095,15,397.8
2026-06-01,P0095,29,769.08
2025-07-01,P0096,263,10285.93
2025-08-01,P0096,238,9308.18
2025-09-01,P0096,218,8525.98
2025-10-01,P0096,240,9386.4
2025-11-01,P0096,240,9386.4
2025-12-01,P0096,214,8369.54
2026-01-01,P0096,228,8917.08
2026-02-01,P0096,243,9503.73
2026-03-01,P0096,224,8760.64
2026-04-01,P0096,213,8330.43
2026-05-01,P0096,259,10129.49
2026-06-01,P0096,189,7391.79
2025-07-01,P0097,196,5442.92
2025-08-01,P0097,191,5304.07
2025-09-01,P0097,213,5915.01
2025-10-01,P0097,194,5387.38
2025-11-01,P0097,176,4887.52
2025-12-01,P0097,197,5470.69
2026-01-01,P0097,186,5165.22
2026-02-01,P0097,190,5276.3
2026-03-01,P0097,196,5442.92
2026-04-01,P0097,184,5109.68
2026-05-01,P0097,197,5470.69
2026-06-01,P0097,150,4165.5
2025-07-01,P0098,30,333.6
2025-08-01,P0098,50,556.0
2025-09-01,P0098,24,266.88
2025-10-01,P0098,79,878.48
2025-11-01,P0098,27,300.24
2025-12-01,P0098,24,266.88
2026-01-01,P0098,18,200.16
2026-02-01,P0098,11,122.32
2026-03-01,P0098,58,644.96
2026-04-01,P0098,20,222.4
2026-05-01,P0098,0,0.0
2026-06-01,P0098,77,856.24
2025-07-01,P0099,219,4211.37
2025-08-01,P0099,202,3884.46
2025-09-01,P0099,195,3749.85
2025-10-01,P0099,211,4057.53
2025-11-01,P0099,185,3557.55
2025-12-01,P0099,187,3596.01
2026-01-01,P0099,221,4249.83
2026-02-01,P0099,199,3826.77
2026-03-01,P0099,170,3269.1
2026-04-01,P0099,187,3596.01
2026-05-01,P0099,198,3807.54
2026-06-01,P0099,209,4019.07
2025-07-01,P0100,168,5582.64
2025-08-01,P0100,149,4951.27
2025-09-01,P0100,158,5250.34
2025-10-01,P0100,157,5217.11
2025-11-01,P0100,140,4652.2
2025-12-01,P0100,128,4253.44
2026-01-01,P0100,127,4220.21
2026-02-01,P0100,158,5250.34
2026-03-01,P0100,159,5283.57
2026-04-01,P0100,143,4751.89
2026-05-01,P0100,88,2924.24
2026-06-01,P0100,118,3921.14
2025-07-01,P0101,142,2203.84
2025-08-01,P0101,130,2017.6
2025-09-01,P0101,94,1458.88
2025-10-01,P0101,103,1598.56
2025-11-01,P0101,76,1179.52
2025-12-01,P0101,96,1489.92
2026-01-01,P0101,109,1691.68
2026-02-01,P0101,139,2157.28
2026-03-01,P0101,127,1971.04
2026-04-01,P0101,100,1552.0
2026-05-01,P0101,86,1334.72
2026-06-01,P0101,115,1784.8
2025-07-01,P0102,251,4668.6
2025-08-01,P0102,248,4612.8
2025-09-01,P0102,249,4631.4
2025-10-01,P0102,204,3794.4
2025-11-01,P0102,257,4780.2
2025-12-01,P0102,195,3627.0
2026-01-01,P0102,207,3850.2
2026-02-01,P0102,205,3813.0
2026-03-01,P0102,212,3943.2
2026-04-01,P0102,219,4073.4
2026-05-01,P0102,219,4073.4
2026-06-01,P0102,167,3106.2
2025-07-01,P0103,86,1505.86
2025-08-01,P0103,58,1015.58
2025-09-01,P0103,82,1435.82
2025-10-01,P0103,70,1225.7
2025-11-01,P0103,44,770.44
2025-12-01,P0103,44,770.44
2026-01-01,P0103,54,945.54
2026-02-01,P0103,18,315.18
2026-03-01,P0103,28,490.28
2026-04-01,P0103,59,1033.09
2026-05-01,P0103,57,998.07
2026-06-01,P0103,50,875.5
2025-07-01,P0104,251,4051.14
2025-08-01,P0104,234,3776.76
2025-09-01,P0104,254,4099.56
2025-10-01,P0104,232,3744.48
2025-11-01,P0104,250,4035.0
2025-12-01,P0104,214,3453.96
2026-01-01,P0104,244,3938.16
2026-02-01,P0104,261,4212.54
2026-03-01,P0104,240,3873.6
2026-04-01,P0104,241,3889.74
2026-05-01,P0104,230,3712.2
2026-06-01,P0104,167,2695.38
2025-07-01,P0105,126,2826.18
2025-08-01,P0105,139,3117.77
2025-09-01,P0105,126,2826.18
2025-10-01,P0105,128,2871.04
2025-11-01,P0105,157,3521.51
2025-12-01,P0105,126,2826.18
2026-01-01,P0105,146,3274.78
2026-02-01,P0105,168,3768.24
2026-03-01,P0105,127,2848.61
2026-04-01,P0105,117,2624.31
2026-05-01,P0105,111,2489.73
2026-06-01,P0105,143,3207.49
2025-07-01,P0106,210,3704.4
2025-08-01,P0106,185,3263.4
2025-09-01,P0106,207,3651.48
2025-10-01,P0106,214,3774.96
2025-11-01,P0106,168,2963.52
2025-12-01,P0106,198,3492.72
2026-01-01,P0106,195,3439.8
2026-02-01,P0106,186,3281.04
2026-03-01,P0106,178,3139.92
2026-04-01,P0106,207,3651.48
2026-05-01,P0106,218,3845.52
2026-06-01,P0106,190,3351.6
2025-07-01,P0107,248,1867.44
2025-08-01,P0107,230,1731.9
2025-09-01,P0107,229,1724.37
2025-10-01,P0107,240,1807.2
2025-11-01,P0107,225,1694.25
2025-12-01,P0107,240,1807.2
2026-01-01,P0107,231,1739.43
2026-02-01,P0107,238,1792.14
2026-03-01,P0107,200,1506.0
2026-04-01,P0107,223,1679.19
2026-05-01,P0107,175,1317.75
2026-06-01,P0107,213,1603.89
2025-07-01,P0108,95,1848.7
2025-08-01,P0108,93,1809.78
2025-09-01,P0108,105,2043.3
2025-10-01,P0108,61,1187.06
2025-11-01,P0108,81,1576.26
2025-12-01,P0108,87,1693.02
2026-01-01,P0108,46,895.16
2026-02-01,P0108,49,953.54
2026-03-01,P0108,55,1070.3
2026-04-01,P0108,44,856.24
2026-05-01,P0108,24,467.04
2026-06-01,P0108,64,1245.44
2025-07-01,P0109,222,4024.86
2025-08-01,P0109,235,4260.55
2025-09-01,P0109,196,3553.48
2025-10-01,P0109,228,4133.64
2025-11-01,P0109,181,3281.53
2025-12-01,P0109,204,3698.52
2026-01-01,P0109,198,3589.74
2026-02-01,P0109,198,3589.74
2026-03-01,P0109,200,3626.0
2026-04-01,P0109,237,4296.81
2026-05-01,P0109,177,3209.01
2026-06-01,P0109,159,2882.67
2025-07-01,P0110,243,3875.85
2025-08-01,P0110,231,3684.45
2025-09-01,P0110,208,3317.6
2025-10-01,P0110,193,3078.35
2025-11-01,P0110,229,3652.55
2025-12-01,P0110,208,3317.6
2026-01-01,P0110,218,3477.1
2026-02-01,P0110,198,3158.1
2026-03-01,P0110,197,3142.15
2026-04-01,P0110,216,3445.2
2026-05-01,P0110,205,3269.75
2026-06-01,P0110,229,3652.55
2025-07-01,P0111,219,3736.14
2025-08-01,P0111,215,3667.9
2025-09-01,P0111,206,3514.36
2025-10-01,P0111,191,3258.46
2025-11-01,P0111,167,2849.02
2025-12-01,P0111,191,3258.46
2026-01-01,P0111,175,2985.5
2026-02-01,P0111,184,3139.04
2026-03-01,P0111,173,2951.38
2026-04-01,P0111,160,2729.6
2026-05-01,P0111,213,3633.78
2026-06-01,P0111,180,3070.8
2025-07-01,P0112,263,7619.11
2025-08-01,P0112,233,6750.01
2025-09-01,P0112,242,7010.74
2025-10-01,P0112,232,6721.04
2025-11-01,P0112,206,5967.82
2025-12-01,P0112,249,7213.53
2026-01-01,P0112,208,6025.76
2026-02-01,P0112,226,6547.22
2026-03-01,P0112,183,5301.51
2026-04-01,P0112,205,5938.85
2026-05-01,P0112,185,5359.45
2026-06-01,P0112,214,6199.58
2025-07-01,P0113,84,1382.64
2025-08-01,P0113,84,1382.64
2025-09-01,P0113,117,1925.82
2025-10-01,P0113,101,1662.46
2025-11-01,P0113,59,971.14
2025-12-01,P0113,119,1958.74
2026-01-01,P0113,48,790.08
2026-02-01,P0113,77,1267.42
2026-03-01,P0113,69,1135.74
2026-04-01,P0113,79,1300.34
2026-05-01,P0113,103,1695.38
2026-06-01,P0113,110,1810.6
2025-07-01,P0114,57,1808.61
2025-08-01,P0114,71,2252.83
2025-09-01,P0114,76,2411.48
2025-10-01,P0114,36,1142.28
2025-11-01,P0114,42,1332.66
2025-12-01,P0114,62,1967.26
2026-01-01,P0114,58,1840.34
2026-02-01,P0114,37,1174.01
2026-03-01,P0114,40,1269.2
2026-04-01,P0114,40,1269.2
2026-05-01,P0114,0,0.0
2026-06-01,P0114,26,824.98
2025-07-01,P0115,172,2371.88
2025-08-01,P0115,171,2358.09
2025-09-01,P0115,192,2647.68
2025-10-01,P0115,172,2371.88
2025-11-01,P0115,169,2330.51
2025-12-01,P0115,181,2495.99
2026-01-01,P0115,151,2082.29
2026-02-01,P0115,140,1930.6
2026-03-01,P0115,148,2040.92
2026-04-01,P0115,178,2454.62
2026-05-01,P0115,185,2551.15
2026-06-01,P0115,171,2358.09
2025-07-01,P0116,201,4484.31
2025-08-01,P0116,167,3725.77
2025-09-01,P0116,164,3658.84
2025-10-01,P0116,157,3502.67
2025-11-01,P0116,170,3792.7
2025-12-01,P0116,147,3279.57
2026-01-01,P0116,124,2766.44
2026-02-01,P0116,144,3212.64
2026-03-01,P0116,155,3458.05
2026-04-01,P0116,187,4171.97
2026-05-01,P0116,163,3636.53
2026-06-01,P0116,149,3324.19
2025-07-01,P0117,240,2037.6
2025-08-01,P0117,201,1706.49
2025-09-01,P0117,191,1621.59
2025-10-01,P0117,179,1519.71
2025-11-01,P0117,221,1876.29
2025-12-01,P0117,210,1782.9
2026-01-01,P0117,186,1579.14
2026-02-01,P0117,245,2080.05
2026-03-01,P0117,186,1579.14
2026-04-01,P0117,201,1706.49
2026-05-01,P0117,159,1349.91
2026-06-01,P0117,175,1485.75
2025-07-01,P0118,28,665.0
2025-08-01,P0118,34,807.5
2025-09-01,P0118,77,1828.75
2025-10-01,P0118,34,807.5
2025-11-01,P0118,51,1211.25
2025-12-01,P0118,53,1258.75
2026-01-01,P0118,44,1045.0
2026-02-01,P0118,20,475.0
2026-03-01,P0118,32,760.0
2026-04-01,P0118,27,641.25
2026-05-01,P0118,39,926.25
2026-06-01,P0118,21,498.75
2025-07-01,P0119,175,2210.25
2025-08-01,P0119,193,2437.59
2025-09-01,P0119,152,1919.76
2025-10-01,P0119,148,1869.24
2025-11-01,P0119,157,1982.91
2025-12-01,P0119,161,2033.43
2026-01-01,P0119,167,2109.21
2026-02-01,P0119,164,2071.32
2026-03-01,P0119,152,1919.76
2026-04-01,P0119,183,2311.29
2026-05-01,P0119,157,1982.91
2026-06-01,P0119,160,2020.8
2025-07-01,P0120,234,5363.28
2025-08-01,P0120,185,4240.2
2025-09-01,P0120,215,4927.8
2025-10-01,P0120,212,4859.04
2025-11-01,P0120,192,4400.64
2025-12-01,P0120,180,4125.6
2026-01-01,P0120,175,4011.0
2026-02-01,P0120,202,4629.84
2026-03-01,P0120,180,4125.6
2026-04-01,P0120,187,4286.04
2026-05-01,P0120,158,3621.36
2026-06-01,P0120,176,4033.92
